id,age,cluster
1,18,4
2,41,0
3,22,4
4,40,1
5,41,7
6,53,4
7,20,3
8,25,5
9,59,3
10,40,7
11,18,3
12,39,1
13,26,7
14,35,6
15,24,3
16,36,0
17,41,7
18,48,2
19,34,1
20,31,1
21,23,2
22,32,3
23,18,7
24,35,0
25,45,0
26,41,4
27,29,2
28,35,7
29,37,4
30,29,7
31,31,9
32,22,4
33,35,8
34,46,9
35,32,4
36,48,6
37,18,7
38,35,7
39,54,6
40,40,8
41,33,5
42,29,8
43,45,4
44,27,8
45,29,2
46,18,8
47,21,8
48,43,9
49,36,3
50,36,8
51,35,4
52,33,9
53,39,0
54,32,9
55,31,9
56,44,3
57,33,3
58,36,9
59,32,3
60,31,4
61,19,7
62,34,5
63,44,5
64,49,8
65,22,1
66,40,4
67,46,2
68,33,4
69,24,0
70,31,1
71,33,3
72,26,3
73,37,8
74,47,4
75,19,3
76,43,3
77,30,3
78,19,1
79,37,8
80,24,8
81,35,5
82,33,7
83,27,9
84,48,8
85,34,2
86,41,2
87,18,5
88,41,0
89,33,6
90,28,7
91,46,0
92,36,4
93,35,2
94,29,9
95,24,6
96,44,2
97,34,4
98,27,8
99,42,3
100,29,8
101,33,0
102,30,9
103,39,9
104,20,3
105,36,3
106,31,9
107,45,3
108,41,6
109,42,2
110,40,4
111,43,1
112,37,2
113,37,2
114,18,3
115,48,2
116,35,1
117,40,3
118,35,3
119,22,7
120,32,3
121,31,3
122,34,3
123,28,3
124,32,2
125,45,1
126,19,5
127,39,3
128,40,0
129,20,1
130,43,8
131,40,3
132,20,7
133,32,9
134,46,3
135,54,9
136,37,4
137,31,8
138,48,1
139,30,3
140,27,0
141,38,9
142,37,5
143,26,1
144,38,3
145,43,5
146,36,3
147,46,1
148,33,5
149,25,8
150,34,4
151,35,3
152,40,1
153,34,2
154,52,3
155,32,7
156,18,9
157,32,6
158,36,4
159,34,4
160,18,1
161,18,5
162,18,7
163,37,5
164,40,5
165,37,4
166,30,5
167,32,1
168,38,3
169,38,1
170,29,6
171,26,7
172,18,8
173,35,9
174,32,4
175,20,5
176,29,0
177,40,7
178,27,0
179,18,2
180,25,1
181,39,1
182,35,7
183,31,3
184,24,0
185,41,3
186,22,3
187,18,6
188,35,4
189,60,5
190,27,7
191,28,9
192,43,7
193,27,7
194,31,1
195,38,3
196,38,1
197,41,3
198,38,9
199,50,2
200,44,6
201,44,9
202,43,8
203,25,3
204,42,3
205,41,4
206,44,1
207,34,9
208,42,0
209,37,9
210,44,3
211,22,2
212,48,4
213,41,5
214,27,4
215,29,3
216,35,4
217,44,1
218,34,6
219,43,1
220,39,0
221,45,7
222,28,3
223,27,3
224,21,3
225,19,9
226,33,5
227,22,5
228,35,4
229,43,7
230,24,2
231,26,9
232,27,8
233,45,9
234,38,9
235,42,2
236,45,9
237,43,3
238,34,3
239,27,4
240,44,0
241,26,4
242,35,7
243,39,3
244,44,3
245,23,4
246,40,4
247,36,7
248,32,8
249,34,9
250,30,7
251,50,4
252,20,7
253,31,3
254,38,0
255,29,4
256,60,3
257,45,6
258,37,1
259,29,7
260,22,8
261,46,2
262,40,2
263,37,4
264,21,4
265,25,8
266,31,6
267,32,5
268,49,9
269,37,9
270,47,4
271,40,8
272,31,3
273,38,1
274,33,6
275,50,5
276,31,4
277,41,3
278,24,6
279,23,8
280,33,2
281,43,5
282,47,3
283,31,9
284,32,9
285,35,7
286,33,0
287,41,1
288,39,9
289,42,2
290,35,7
291,45,9
292,34,5
293,33,8
294,18,9
295,43,8
296,32,0
297,34,1
298,38,5
299,28,8
300,40,6
301,33,9
302,41,0
303,30,3
304,50,1
305,45,4
306,28,2
307,25,4
308,33,6
309,36,0
310,38,7
311,24,3
312,35,0
313,27,4
314,51,4
315,37,4
316,36,2
317,20,0
318,25,7
319,30,1
320,32,9
321,27,1
322,29,4
323,44,3
324,26,6
325,35,8
326,36,9
327,43,2
328,27,1
329,33,2
330,30,4
331,32,6
332,25,7
333,18,9
334,43,4
335,23,9
336,33,5
337,28,1
338,37,4
339,37,1
340,33,7
341,46,8
342,56,3
343,31,4
344,29,3
345,34,2
346,30,2
347,39,9
348,26,3
349,35,1
350,49,4
351,38,1
352,37,2
353,37,1
354,18,6
355,49,4
356,32,1
357,20,9
358,28,8
359,29,0
360,55,2
361,36,8
362,34,1
363,40,1
364,21,4
365,34,1
366,35,6
367,22,2
368,41,4
369,31,6
370,55,5
371,34,7
372,18,8
373,28,3
374,26,9
375,40,1
376,33,4
377,39,6
378,47,9
379,33,8
380,18,4
381,35,4
382,52,8
383,43,4
384,31,8
385,45,9
386,35,4
387,55,3
388,46,3
389,28,7
390,22,6
391,50,7
392,29,4
393,45,4
394,51,4
395,51,9
396,42,7
397,18,8
398,34,0
399,28,0
400,24,4
401,42,5
402,30,0
403,19,3
404,55,3
405,32,2
406,53,2
407,33,6
408,36,4
409,41,1
410,37,4
411,30,4
412,37,7
413,23,9
414,37,5
415,40,0
416,23,9
417,24,9
418,24,7
419,41,7
420,30,3
421,40,4
422,23,1
423,37,7
424,18,7
425,40,6
426,25,5
427,31,3
428,45,5
429,37,4
430,39,0
431,38,2
432,48,4
433,23,8
434,25,8
435,18,9
436,43,5
437,40,7
438,31,4
439,27,8
440,29,4
441,39,2
442,20,8
443,32,9
444,37,2
445,30,6
446,29,9
447,30,8
448,29,4
449,27,1
450,26,5
451,51,4
452,32,3
453,43,1
454,36,6
455,39,3
456,26,2
457,21,0
458,49,3
459,18,1
460,24,9
461,39,4
462,26,5
463,32,1
464,35,6
465,40,3
466,27,2
467,31,9
468,26,9
469,21,4
470,30,8
471,41,4
472,36,7
473,31,9
474,47,3
475,48,6
476,41,5
477,31,3
478,40,4
479,43,5
480,30,7
481,22,8
482,43,7
483,39,7
484,37,4
485,18,4
486,42,1
487,39,8
488,35,3
489,30,9
490,36,4
491,18,8
492,44,1
493,32,7
494,30,0
495,36,2
496,37,7
497,37,6
498,44,5
499,45,8
500,30,1
501,30,4
502,46,8
503,36,9
504,18,0
505,41,3
506,36,4
507,36,7
508,46,7
509,38,3
510,20,5
511,29,1
512,32,2
513,31,5
514,18,3
515,29,6
516,21,5
517,43,1
518,38,3
519,22,9
520,34,4
521,20,4
522,33,0
523,31,4
524,34,0
525,35,4
526,39,4
527,38,2
528,31,4
529,37,3
530,18,3
531,26,6
532,36,8
533,39,5
534,18,3
535,40,6
536,44,7
537,32,1
538,34,1
539,41,1
540,47,2
541,38,1
542,35,1
543,31,3
544,18,5
545,38,1
546,35,7
547,22,4
548,32,3
549,30,1
550,38,5
551,27,3
552,28,3
553,27,9
554,26,2
555,33,4
556,38,3
557,24,3
558,25,0
559,33,0
560,34,7
561,40,0
562,31,2
563,47,8
564,29,7
565,41,1
566,32,6
567,29,2
568,24,0
569,46,9
570,19,0
571,42,8
572,43,7
573,30,4
574,37,5
575,25,7
576,18,4
577,60,7
578,51,9
579,18,6
580,37,3
581,18,5
582,36,6
583,47,4
584,32,2
585,27,2
586,31,6
587,37,5
588,26,9
589,19,0
590,25,4
591,41,8
592,47,9
593,45,8
594,28,5
595,35,3
596,25,3
597,35,5
598,25,0
599,30,8
600,45,2
601,39,9
602,28,0
603,44,9
604,31,9
605,37,9
606,25,0
607,40,4
608,24,3
609,30,3
610,21,4
611,27,4
612,20,2
613,49,9
614,34,4
615,38,7
616,24,1
617,25,6
618,18,2
619,29,9
620,31,1
621,40,4
622,44,9
623,30,6
624,28,4
625,18,8
626,41,4
627,40,8
628,18,7
629,35,5
630,50,9
631,40,0
632,36,5
633,39,9
634,43,4
635,46,1
636,33,9
637,25,3
638,20,4
639,38,7
640,43,9
641,32,8
642,18,8
643,48,7
644,31,1
645,33,6
646,34,8
647,32,8
648,28,8
649,23,9
650,28,9
651,50,2
652,43,4
653,33,2
654,36,7
655,38,4
656,42,3
657,38,3
658,30,4
659,45,9
660,45,3
661,39,3
662,37,2
663,26,1
664,38,0
665,33,1
666,33,9
667,34,3
668,31,6
669,21,3
670,30,1
671,33,5
672,37,6
673,47,9
674,39,1
675,21,4
676,37,7
677,18,3
678,56,4
679,32,0
680,29,4
681,39,4
682,25,6
683,33,7
684,40,8
685,32,2
686,20,9
687,35,1
688,37,6
689,41,5
690,51,3
691,32,8
692,22,0
693,19,4
694,45,7
695,23,6
696,24,5
697,49,5
698,55,0
699,29,9
700,26,6
701,38,9
702,46,3
703,35,8
704,33,4
705,18,0
706,38,9
707,31,9
708,48,3
709,41,4
710,34,2
711,24,8
712,35,9
713,40,4
714,30,3
715,26,5
716,43,8
717,36,9
718,27,4
719,31,3
720,36,6
721,37,4
722,33,2
723,43,5
724,30,9
725,33,3
726,30,3
727,33,7
728,25,1
729,41,2
730,51,7
731,33,5
732,27,0
733,30,5
734,29,9
735,28,3
736,30,4
737,44,8
738,45,1
739,39,6
740,32,0
741,31,0
742,38,3
743,41,1
744,46,0
745,47,6
746,34,2
747,29,1
748,33,3
749,55,7
750,26,9
751,32,9
752,40,8
753,34,9
754,48,4
755,46,5
756,40,6
757,36,3
758,38,7
759,27,6
760,31,5
761,27,4
762,43,9
763,29,8
764,18,9
765,34,1
766,32,4
767,23,6
768,32,0
769,36,8
770,28,5
771,31,9
772,33,8
773,21,0
774,44,9
775,18,8
776,28,3
777,46,0
778,19,6
779,29,6
780,30,3
781,53,4
782,36,7
783,33,7
784,28,3
785,26,1
786,36,9
787,59,9
788,45,5
789,45,7
790,29,3
791,36,7
792,18,0
793,27,9
794,40,5
795,37,8
796,29,3
797,47,8
798,22,4
799,52,4
800,43,5
801,39,0
802,42,7
803,32,3
804,38,9
805,33,6
806,25,0
807,24,8
808,58,7
809,31,6
810,42,4
811,18,3
812,35,3
813,51,0
814,32,7
815,31,4
816,45,2
817,54,4
818,41,1
819,34,7
820,27,9
821,28,8
822,18,5
823,46,0
824,32,9
825,23,7
826,43,6
827,20,6
828,23,7
829,27,4
830,18,4
831,38,3
832,30,7
833,34,9
834,37,3
835,31,0
836,44,8
837,31,1
838,47,0
839,38,7
840,21,6
841,24,7
842,20,4
843,27,0
844,43,7
845,33,1
846,25,0
847,44,8
848,35,5
849,33,4
850,37,2
851,33,7
852,39,7
853,52,0
854,30,2
855,30,5
856,25,1
857,36,3
858,29,4
859,36,9
860,42,5
861,30,9
862,34,6
863,36,4
864,53,5
865,34,4
866,44,9
867,49,4
868,20,3
869,41,4
870,33,7
871,46,9
872,28,4
873,37,2
874,34,2
875,30,4
876,22,4
877,34,4
878,28,3
879,26,1
880,32,8
881,38,4
882,27,3
883,39,2
884,44,5
885,35,6
886,22,4
887,32,6
888,34,3
889,26,4
890,40,6
891,18,7
892,56,2
893,37,7
894,41,7
895,39,8
896,39,1
897,35,4
898,41,4
899,46,3
900,31,8
901,33,9
902,35,8
903,22,3
904,32,2
905,37,1
906,29,4
907,38,1
908,40,6
909,21,0
910,27,4
911,34,8
912,21,7
913,28,1
914,44,6
915,40,1
916,33,1
917,32,9
918,34,1
919,18,8
920,36,0
921,27,2
922,45,3
923,54,5
924,43,5
925,29,7
926,27,0
927,56,4
928,28,1
929,37,5
930,29,7
931,18,7
932,38,0
933,18,7
934,21,3
935,38,1
936,26,3
937,28,8
938,18,4
939,18,4
940,30,9
941,18,4
942,41,5
943,31,4
944,20,4
945,45,2
946,33,8
947,32,9
948,44,5
949,18,2
950,41,6
951,49,2
952,29,0
953,20,0
954,44,8
955,60,5
956,18,4
957,39,4
958,18,6
959,23,0
960,23,1
961,29,1
962,18,1
963,39,4
964,18,8
965,24,8
966,18,6
967,39,8
968,18,4
969,48,8
970,49,3
971,23,3
972,26,6
973,35,2
974,26,7
975,25,9
976,45,1
977,44,4
978,37,0
979,47,1
980,30,9
981,38,4
982,38,4
983,49,4
984,31,9
985,30,8
986,26,3
987,48,5
988,47,9
989,45,5
990,55,3
991,48,3
992,28,0
993,38,0
994,26,3
995,35,4
996,49,9
997,39,3
998,31,0
999,29,2
1000,26,1
1001,41,3
1002,28,9
1003,44,9
1004,28,6
1005,28,3
1006,32,9
1007,24,9
1008,20,8
1009,29,7
1010,43,9
1011,41,1
1012,18,6
1013,35,2
1014,26,6
1015,32,4
1016,42,1
1017,41,2
1018,20,4
1019,39,1
1020,51,3
1021,24,4
1022,41,7
1023,40,2
1024,38,6
1025,46,0
1026,31,1
1027,21,0
1028,43,7
1029,49,9
1030,47,2
1031,31,8
1032,35,0
1033,30,0
1034,46,0
1035,24,0
1036,26,2
1037,26,5
1038,20,3
1039,42,6
1040,37,3
1041,23,0
1042,42,3
1043,23,3
1044,30,9
1045,41,0
1046,32,0
1047,42,0
1048,28,9
1049,47,4
1050,33,9
1051,29,9
1052,44,0
1053,33,1
1054,36,9
1055,36,9
1056,25,2
1057,42,7
1058,30,4
1059,28,5
1060,43,3
1061,36,6
1062,22,0
1063,19,1
1064,33,4
1065,43,7
1066,24,7
1067,40,7
1068,34,7
1069,48,5
1070,46,4
1071,42,7
1072,28,1
1073,37,5
1074,31,4
1075,40,5
1076,32,4
1077,32,1
1078,45,2
1079,18,7
1080,31,7
1081,28,1
1082,32,2
1083,47,8
1084,40,7
1085,28,6
1086,30,7
1087,34,4
1088,38,0
1089,36,8
1090,35,9
1091,50,5
1092,44,4
1093,54,2
1094,22,6
1095,50,3
1096,47,1
1097,34,2
1098,27,8
1099,60,3
1100,50,5
1101,30,4
1102,33,0
1103,18,6
1104,35,6
1105,44,7
1106,31,9
1107,18,4
1108,43,3
1109,32,3
1110,34,7
1111,43,7
1112,36,4
1113,36,5
1114,23,3
1115,42,2
1116,35,3
1117,28,3
1118,35,3
1119,38,1
1120,27,2
1121,36,2
1122,28,6
1123,32,6
1124,26,0
1125,27,8
1126,35,0
1127,48,3
1128,39,6
1129,44,8
1130,31,0
1131,46,4
1132,47,4
1133,18,8
1134,45,0
1135,38,6
1136,34,2
1137,36,0
1138,43,1
1139,25,0
1140,34,6
1141,46,0
1142,46,3
1143,31,9
1144,44,3
1145,48,8
1146,45,9
1147,21,3
1148,28,8
1149,28,8
1150,19,0
1151,45,6
1152,56,2
1153,32,0
1154,42,0
1155,20,5
1156,43,7
1157,36,2
1158,27,9
1159,38,7
1160,34,7
1161,34,3
1162,52,9
1163,31,5
1164,35,2
1165,49,0
1166,31,3
1167,30,2
1168,23,8
1169,40,1
1170,49,5
1171,41,9
1172,38,1
1173,33,6
1174,25,7
1175,31,2
1176,35,1
1177,34,1
1178,18,0
1179,36,4
1180,25,4
1181,28,6
1182,47,1
1183,38,0
1184,25,3
1185,30,8
1186,42,0
1187,32,2
1188,45,7
1189,32,7
1190,25,8
1191,33,8
1192,22,5
1193,28,0
1194,29,5
1195,22,8
1196,44,1
1197,38,9
1198,38,8
1199,19,7
1200,36,0
1201,28,1
1202,21,4
1203,27,9
1204,34,4
1205,52,6
1206,44,1
1207,44,6
1208,43,7
1209,31,4
1210,43,9
1211,22,5
1212,39,3
1213,27,8
1214,55,3
1215,51,3
1216,37,9
1217,41,3
1218,36,9
1219,34,0
1220,32,8
1221,19,6
1222,33,9
1223,35,4
1224,35,6
1225,36,9
1226,34,6
1227,22,8
1228,36,4
1229,47,1
1230,18,6
1231,19,6
1232,60,6
1233,18,1
1234,33,3
1235,35,6
1236,19,4
1237,44,9
1238,25,4
1239,19,4
1240,32,3
1241,57,7
1242,26,7
1243,43,7
1244,30,6
1245,35,6
1246,21,8
1247,40,4
1248,44,4
1249,38,2
1250,21,9
1251,28,6
1252,28,4
1253,18,9
1254,30,5
1255,42,9
1256,46,2
1257,38,1
1258,43,9
1259,44,8
1260,29,8
1261,30,5
1262,29,7
1263,30,1
1264,58,3
1265,40,2
1266,37,0
1267,31,5
1268,33,2
1269,26,4
1270,33,4
1271,19,2
1272,23,4
1273,57,6
1274,33,3
1275,37,6
1276,42,0
1277,49,9
1278,40,5
1279,32,7
1280,22,0
1281,18,6
1282,44,3
1283,44,9
1284,31,7
1285,38,9
1286,38,6
1287,36,6
1288,44,1
1289,38,1
1290,31,3
1291,38,4
1292,26,0
1293,50,6
1294,55,9
1295,41,5
1296,42,4
1297,36,9
1298,34,5
1299,36,1
1300,39,5
1301,18,2
1302,21,0
1303,26,6
1304,41,6
1305,45,3
1306,42,2
1307,29,0
1308,46,8
1309,38,8
1310,43,7
1311,22,3
1312,34,0
1313,56,2
1314,32,0
1315,44,3
1316,38,8
1317,22,9
1318,35,9
1319,34,7
1320,33,1
1321,52,8
1322,18,9
1323,23,9
1324,47,3
1325,29,8
1326,22,8
1327,25,7
1328,32,0
1329,37,8
1330,44,0
1331,28,4
1332,30,6
1333,53,1
1334,29,5
1335,29,3
1336,18,1
1337,41,4
1338,39,2
1339,38,9
1340,42,6
1341,35,1
1342,27,8
1343,34,9
1344,29,2
1345,28,7
1346,29,7
1347,35,0
1348,31,7
1349,26,8
1350,50,3
1351,50,8
1352,28,9
1353,48,9
1354,32,2
1355,31,7
1356,29,4
1357,27,4
1358,20,8
1359,27,9
1360,49,2
1361,44,9
1362,39,5
1363,22,3
1364,37,2
1365,29,0
1366,20,0
1367,36,4
1368,40,8
1369,32,7
1370,19,1
1371,33,7
1372,18,0
1373,18,1
1374,34,3
1375,20,7
1376,28,8
1377,26,5
1378,39,7
1379,60,9
1380,43,9
1381,43,4
1382,42,3
1383,42,5
1384,30,0
1385,39,3
1386,44,7
1387,18,3
1388,40,0
1389,24,9
1390,56,8
1391,41,2
1392,34,8
1393,26,1
1394,33,3
1395,39,6
1396,47,4
1397,20,5
1398,23,6
1399,35,8
1400,47,5
1401,31,8
1402,28,3
1403,34,0
1404,18,8
1405,44,4
1406,46,4
1407,37,7
1408,26,2
1409,30,1
1410,48,8
1411,23,1
1412,42,1
1413,38,0
1414,22,9
1415,35,2
1416,38,1
1417,29,2
1418,37,7
1419,36,4
1420,34,1
1421,18,4
1422,21,7
1423,18,9
1424,36,7
1425,18,4
1426,39,3
1427,32,5
1428,18,7
1429,49,2
1430,22,6
1431,56,3
1432,46,0
1433,33,0
1434,27,6
1435,33,4
1436,44,0
1437,50,9
1438,46,4
1439,33,4
1440,25,3
1441,18,1
1442,25,6
1443,23,8
1444,39,7
1445,21,9
1446,33,7
1447,22,1
1448,18,9
1449,31,3
1450,43,9
1451,25,6
1452,39,4
1453,37,4
1454,35,6
1455,37,6
1456,40,5
1457,35,3
1458,23,2
1459,40,0
1460,28,4
1461,51,8
1462,45,0
1463,30,4
1464,34,7
1465,35,7
1466,50,0
1467,46,1
1468,42,4
1469,26,3
1470,23,2
1471,36,6
1472,45,2
1473,41,2
1474,46,7
1475,51,1
1476,49,7
1477,24,7
1478,42,6
1479,26,2
1480,48,4
1481,31,1
1482,45,4
1483,41,0
1484,40,8
1485,19,7
1486,48,9
1487,48,3
1488,51,0
1489,35,4
1490,29,7
1491,39,9
1492,38,9
1493,33,4
1494,30,1
1495,51,2
1496,36,3
1497,32,0
1498,45,4
1499,26,5
1500,38,8
1501,35,3
1502,34,5
1503,39,4
1504,37,4
1505,24,7
1506,33,3
1507,45,3
1508,26,7
1509,32,2
1510,48,1
1511,27,9
1512,26,6
1513,55,3
1514,35,8
1515,31,1
1516,40,4
1517,57,3
1518,42,1
1519,55,1
1520,31,1
1521,27,5
1522,39,6
1523,21,2
1524,24,5
1525,35,7
1526,32,9
1527,27,2
1528,33,3
1529,36,1
1530,39,0
1531,27,7
1532,49,2
1533,46,0
1534,51,6
1535,19,0
1536,59,3
1537,46,2
1538,38,2
1539,29,7
1540,32,7
1541,43,7
1542,43,1
1543,18,7
1544,23,1
1545,52,4
1546,50,7
1547,51,6
1548,28,0
1549,42,5
1550,29,4
1551,24,4
1552,34,3
1553,27,1
1554,28,2
1555,45,8
1556,37,8
1557,37,4
1558,23,0
1559,23,2
1560,27,0
1561,31,1
1562,44,2
1563,20,1
1564,18,9
1565,44,5
1566,45,1
1567,44,5
1568,32,1
1569,60,7
1570,44,0
1571,37,3
1572,29,9
1573,19,7
1574,34,9
1575,37,5
1576,41,3
1577,30,4
1578,29,3
1579,39,1
1580,42,5
1581,49,5
1582,26,9
1583,38,4
1584,27,5
1585,30,0
1586,31,2
1587,53,5
1588,34,4
1589,22,6
1590,41,3
1591,34,4
1592,46,9
1593,18,5
1594,25,1
1595,43,8
1596,43,4
1597,45,9
1598,53,7
1599,20,0
1600,33,1
1601,39,4
1602,34,5
1603,31,7
1604,33,0
1605,43,7
1606,41,8
1607,21,3
1608,26,1
1609,57,1
1610,51,6
1611,29,9
1612,32,5
1613,31,3
1614,36,2
1615,43,2
1616,54,6
1617,37,0
1618,41,9
1619,43,6
1620,25,6
1621,38,4
1622,25,1
1623,51,4
1624,29,2
1625,35,5
1626,30,4
1627,46,6
1628,51,9
1629,31,3
1630,38,8
1631,39,7
1632,42,8
1633,36,3
1634,40,5
1635,37,1
1636,33,1
1637,40,7
1638,28,0
1639,33,3
1640,31,7
1641,37,3
1642,49,7
1643,19,3
1644,25,9
1645,35,4
1646,45,6
1647,51,3
1648,53,9
1649,46,8
1650,44,8
1651,34,1
1652,37,4
1653,18,1
1654,39,1
1655,33,7
1656,36,4
1657,30,4
1658,39,5
1659,43,9
1660,53,3
1661,33,1
1662,47,7
1663,22,6
1664,43,9
1665,30,9
1666,32,0
1667,39,9
1668,40,4
1669,39,7
1670,41,7
1671,30,0
1672,37,8
1673,36,5
1674,50,7
1675,35,0
1676,31,0
1677,24,5
1678,42,3
1679,29,4
1680,33,4
1681,45,5
1682,41,3
1683,37,7
1684,27,0
1685,43,2
1686,29,7
1687,50,8
1688,26,7
1689,34,7
1690,28,4
1691,48,2
1692,28,8
1693,38,0
1694,26,9
1695,50,2
1696,34,4
1697,22,2
1698,57,7
1699,25,5
1700,51,2
1701,25,1
1702,23,5
1703,31,7
1704,18,3
1705,18,5
1706,40,3
1707,29,3
1708,27,1
1709,37,0
1710,33,6
1711,38,8
1712,37,7
1713,23,4
1714,18,9
1715,50,3
1716,29,1
1717,40,7
1718,29,9
1719,29,0
1720,25,9
1721,19,8
1722,46,4
1723,34,4
1724,38,6
1725,37,0
1726,37,9
1727,23,0
1728,45,3
1729,30,5
1730,34,3
1731,24,8
1732,30,3
1733,34,3
1734,36,7
1735,18,1
1736,25,2
1737,52,4
1738,19,4
1739,33,1
1740,31,4
1741,41,8
1742,29,4
1743,32,2
1744,35,7
1745,44,4
1746,33,9
1747,26,2
1748,27,4
1749,28,1
1750,25,3
1751,28,3
1752,28,3
1753,18,7
1754,42,9
1755,34,5
1756,23,4
1757,40,9
1758,18,5
1759,38,4
1760,20,1
1761,27,1
1762,23,7
1763,29,3
1764,27,5
1765,22,7
1766,32,5
1767,26,4
1768,31,4
1769,34,6
1770,33,7
1771,45,9
1772,34,7
1773,53,3
1774,21,4
1775,34,4
1776,28,2
1777,50,2
1778,35,1
1779,51,4
1780,33,1
1781,41,0
1782,34,0
1783,28,5
1784,43,4
1785,41,9
1786,46,5
1787,46,3
1788,36,7
1789,40,2
1790,21,1
1791,27,4
1792,42,0
1793,27,9
1794,24,9
1795,46,3
1796,48,7
1797,47,2
1798,44,0
1799,39,3
1800,19,1
1801,18,9
1802,28,2
1803,28,1
1804,35,9
1805,38,1
1806,37,1
1807,31,0
1808,40,1
1809,31,5
1810,44,3
1811,40,0
1812,29,2
1813,41,9
1814,38,7
1815,48,8
1816,29,3
1817,28,3
1818,32,0
1819,38,9
1820,23,0
1821,33,9
1822,23,4
1823,38,8
1824,30,4
1825,24,2
1826,34,1
1827,31,4
1828,34,4
1829,35,3
1830,37,4
1831,28,2
1832,28,6
1833,46,2
1834,41,3
1835,42,3
1836,32,7
1837,42,9
1838,39,7
1839,42,8
1840,45,8
1841,41,4
1842,30,9
1843,21,7
1844,34,1
1845,31,0
1846,60,3
1847,42,7
1848,41,6
1849,20,1
1850,41,4
1851,31,7
1852,30,4
1853,35,7
1854,45,1
1855,45,8
1856,35,0
1857,40,4
1858,37,5
1859,29,3
1860,28,2
1861,38,8
1862,33,5
1863,33,8
1864,37,2
1865,46,3
1866,40,4
1867,41,7
1868,27,8
1869,19,7
1870,18,0
1871,32,3
1872,35,9
1873,37,8
1874,18,3
1875,21,3
1876,35,3
1877,45,8
1878,45,4
1879,30,1
1880,33,7
1881,35,8
1882,33,4
1883,32,8
1884,33,1
1885,49,0
1886,47,2
1887,60,8
1888,51,6
1889,29,7
1890,49,5
1891,34,4
1892,32,2
1893,45,7
1894,33,4
1895,52,3
1896,34,9
1897,27,0
1898,42,5
1899,31,8
1900,29,3
1901,47,5
1902,33,9
1903,54,9
1904,39,7
1905,33,9
1906,41,7
1907,43,7
1908,33,9
1909,44,3
1910,51,8
1911,26,1
1912,37,4
1913,18,1
1914,43,1
1915,42,4
1916,52,2
1917,34,1
1918,44,8
1919,30,4
1920,23,8
1921,31,7
1922,28,4
1923,51,3
1924,50,3
1925,51,9
1926,33,2
1927,36,3
1928,46,2
1929,26,4
1930,35,2
1931,47,4
1932,41,2
1933,36,2
1934,47,9
1935,38,6
1936,31,8
1937,20,5
1938,41,7
1939,18,2
1940,40,5
1941,35,1
1942,30,6
1943,30,1
1944,18,9
1945,41,2
1946,38,1
1947,55,4
1948,47,2
1949,18,3
1950,36,7
1951,34,1
1952,23,3
1953,18,1
1954,34,4
1955,26,7
1956,21,4
1957,34,1
1958,28,6
1959,35,1
1960,52,9
1961,34,2
1962,31,2
1963,46,5
1964,30,8
1965,28,3
1966,37,7
1967,42,7
1968,45,3
1969,48,0
1970,37,4
1971,30,3
1972,34,6
1973,27,2
1974,29,4
1975,27,3
1976,33,8
1977,36,0
1978,19,8
1979,37,9
1980,60,4
1981,30,6
1982,39,1
1983,32,2
1984,24,4
1985,28,0
1986,24,1
1987,30,4
1988,33,8
1989,32,8
1990,34,9
1991,49,4
1992,28,8
1993,22,1
1994,43,2
1995,51,7
1996,18,2
1997,22,1
1998,23,8
1999,24,7
2000,47,6
2001,40,2
2002,36,6
2003,41,8
2004,32,7
2005,42,7
2006,18,6
2007,36,2
2008,47,7
2009,31,0
2010,30,6
2011,21,8
2012,35,1
2013,40,3
2014,37,2
2015,34,0
2016,18,6
2017,23,7
2018,30,4
2019,29,0
2020,40,3
2021,27,0
2022,22,1
2023,29,6
2024,36,6
2025,18,7
2026,37,4
2027,37,3
2028,28,7
2029,39,4
2030,26,1
2031,24,4
2032,27,5
2033,30,0
2034,25,1
2035,43,0
2036,33,6
2037,37,3
2038,40,8
2039,23,4
2040,30,5
2041,46,0
2042,27,1
2043,43,3
2044,27,2
2045,31,8
2046,31,5
2047,51,8
2048,41,4
2049,18,3
2050,40,8
2051,34,8
2052,21,4
2053,39,7
2054,31,0
2055,24,6
2056,28,9
2057,34,8
2058,25,4
2059,18,3
2060,34,2
2061,38,9
2062,35,4
2063,32,5
2064,18,4
2065,33,8
2066,34,4
2067,19,7
2068,21,5
2069,28,4
2070,29,9
2071,33,5
2072,42,9
2073,35,4
2074,37,5
2075,38,5
2076,34,0
2077,35,6
2078,54,0
2079,40,7
2080,36,4
2081,37,5
2082,27,0
2083,34,3
2084,36,7
2085,44,6
2086,33,7
2087,40,2
2088,25,3
2089,19,1
2090,41,3
2091,27,7
2092,21,9
2093,40,9
2094,28,0
2095,37,3
2096,31,3
2097,34,7
2098,33,8
2099,42,0
2100,46,0
2101,34,9
2102,36,3
2103,52,8
2104,27,8
2105,20,3
2106,31,9
2107,26,4
2108,42,7
2109,28,2
2110,27,8
2111,41,4
2112,46,0
2113,47,2
2114,41,4
2115,39,8
2116,35,0
2117,38,4
2118,38,3
2119,34,0
2120,35,4
2121,27,0
2122,39,4
2123,44,4
2124,34,9
2125,48,8
2126,32,6
2127,40,0
2128,46,5
2129,40,0
2130,26,5
2131,53,4
2132,18,6
2133,52,5
2134,48,9
2135,49,8
2136,28,1
2137,46,3
2138,18,7
2139,38,4
2140,18,0
2141,43,0
2142,40,0
2143,35,5
2144,36,9
2145,29,4
2146,30,4
2147,46,3
2148,38,1
2149,36,4
2150,44,5
2151,42,9
2152,42,8
2153,30,6
2154,37,8
2155,54,4
2156,32,1
2157,25,2
2158,33,0
2159,43,5
2160,18,1
2161,18,7
2162,46,7
2163,30,4
2164,35,3
2165,18,0
2166,23,1
2167,41,4
2168,42,9
2169,25,3
2170,43,4
2171,20,7
2172,35,1
2173,31,3
2174,34,0
2175,41,2
2176,27,1
2177,18,9
2178,25,7
2179,53,2
2180,28,3
2181,25,3
2182,26,8
2183,33,3
2184,39,9
2185,37,5
2186,18,3
2187,18,0
2188,39,4
2189,42,0
2190,40,5
2191,60,8
2192,32,0
2193,28,2
2194,24,7
2195,29,3
2196,40,9
2197,45,1
2198,18,4
2199,46,3
2200,48,0
2201,38,1
2202,41,6
2203,44,0
2204,49,5
2205,24,2
2206,34,9
2207,44,7
2208,35,1
2209,35,3
2210,39,5
2211,26,4
2212,37,6
2213,32,3
2214,25,1
2215,34,6
2216,30,0
2217,20,9
2218,32,2
2219,50,7
2220,31,9
2221,42,5
2222,28,6
2223,42,4
2224,42,3
2225,33,9
2226,35,3
2227,18,5
2228,33,3
2229,39,8
2230,56,8
2231,18,2
2232,33,5
2233,27,7
2234,18,4
2235,26,5
2236,39,7
2237,38,2
2238,40,2
2239,39,6
2240,25,7
2241,47,5
2242,34,7
2243,23,2
2244,42,3
2245,52,1
2246,43,1
2247,41,4
2248,43,4
2249,21,6
2250,41,3
2251,34,5
2252,25,2
2253,21,9
2254,51,5
2255,18,1
2256,21,9
2257,18,2
2258,54,4
2259,60,6
2260,18,0
2261,24,0
2262,54,3
2263,45,4
2264,25,7
2265,26,4
2266,24,1
2267,37,1
2268,25,5
2269,32,5
2270,41,1
2271,36,6
2272,28,3
2273,24,3
2274,37,7
2275,41,1
2276,39,3
2277,39,5
2278,18,5
2279,46,7
2280,29,4
2281,38,8
2282,31,6
2283,36,3
2284,27,3
2285,44,5
2286,23,7
2287,33,1
2288,51,9
2289,24,4
2290,43,0
2291,53,4
2292,43,7
2293,33,0
2294,26,7
2295,30,5
2296,35,4
2297,32,4
2298,35,9
2299,42,4
2300,45,1
2301,47,4
2302,28,4
2303,20,1
2304,36,2
2305,18,3
2306,56,1
2307,58,8
2308,57,4
2309,25,4
2310,32,2
2311,43,7
2312,52,2
2313,44,4
2314,44,0
2315,37,3
2316,46,0
2317,45,9
2318,26,9
2319,41,4
2320,34,7
2321,26,4
2322,29,4
2323,56,3
2324,60,1
2325,40,5
2326,43,4
2327,39,8
2328,24,8
2329,32,3
2330,58,8
2331,46,7
2332,22,9
2333,41,3
2334,41,1
2335,40,8
2336,27,4
2337,53,5
2338,50,4
2339,43,9
2340,45,6
2341,27,3
2342,30,3
2343,33,3
2344,34,0
2345,44,3
2346,31,6
2347,23,9
2348,37,3
2349,32,0
2350,42,6
2351,32,6
2352,41,4
2353,42,1
2354,35,1
2355,50,5
2356,41,6
2357,39,9
2358,40,3
2359,37,1
2360,36,1
2361,45,2
2362,39,1
2363,34,4
2364,30,7
2365,32,8
2366,35,9
2367,47,9
2368,31,0
2369,24,2
2370,31,7
2371,20,2
2372,43,5
2373,51,8
2374,20,0
2375,31,2
2376,24,3
2377,39,0
2378,39,2
2379,28,9
2380,35,2
2381,26,9
2382,20,1
2383,44,3
2384,35,8
2385,41,9
2386,36,7
2387,31,7
2388,42,9
2389,37,9
2390,39,3
2391,40,2
2392,21,7
2393,41,7
2394,39,9
2395,41,5
2396,45,3
2397,37,4
2398,24,5
2399,33,9
2400,24,2
2401,25,8
2402,41,1
2403,32,5
2404,23,3
2405,42,7
2406,43,9
2407,41,4
2408,24,5
2409,18,4
2410,51,7
2411,37,2
2412,35,1
2413,24,2
2414,27,7
2415,29,5
2416,41,5
2417,31,4
2418,51,0
2419,37,1
2420,39,4
2421,39,8
2422,38,0
2423,30,4
2424,30,8
2425,34,3
2426,46,1
2427,32,9
2428,42,5
2429,40,3
2430,35,1
2431,28,7
2432,22,3
2433,20,4
2434,45,4
2435,24,4
2436,27,9
2437,45,5
2438,23,4
2439,39,5
2440,36,1
2441,50,8
2442,51,0
2443,56,7
2444,29,9
2445,26,5
2446,25,4
2447,49,3
2448,26,6
2449,18,8
2450,32,3
2451,41,1
2452,37,0
2453,39,2
2454,59,6
2455,33,2
2456,34,2
2457,43,4
2458,39,6
2459,19,5
2460,18,9
2461,45,4
2462,32,5
2463,31,2
2464,24,9
2465,34,6
2466,32,5
2467,52,4
2468,29,1
2469,57,9
2470,24,3
2471,18,7
2472,30,5
2473,44,5
2474,38,9
2475,23,2
2476,18,0
2477,34,3
2478,24,1
2479,29,1
2480,33,4
2481,40,7
2482,45,1
2483,39,3
2484,45,5
2485,35,0
2486,31,1
2487,25,8
2488,25,1
2489,19,5
2490,49,1
2491,29,2
2492,47,4
2493,44,4
2494,29,3
2495,54,4
2496,55,3
2497,28,6
2498,33,1
2499,37,6
2500,24,7
2501,18,7
2502,37,1
2503,33,8
2504,46,6
2505,36,2
2506,33,0
2507,30,9
2508,37,0
2509,33,9
2510,33,2
2511,29,9
2512,35,7
2513,24,2
2514,18,3
2515,28,6
2516,38,2
2517,23,8
2518,51,1
2519,46,0
2520,36,8
2521,52,8
2522,24,2
2523,43,4
2524,39,2
2525,24,3
2526,18,0
2527,44,4
2528,42,6
2529,20,7
2530,49,7
2531,39,0
2532,41,9
2533,49,8
2534,39,1
2535,38,9
2536,52,8
2537,21,5
2538,45,0
2539,25,0
2540,45,4
2541,38,5
2542,18,1
2543,38,4
2544,38,4
2545,37,7
2546,33,9
2547,40,0
2548,20,1
2549,39,3
2550,29,2
2551,32,7
2552,29,3
2553,38,7
2554,30,0
2555,29,6
2556,40,1
2557,37,1
2558,31,7
2559,59,1
2560,29,0
2561,42,7
2562,18,4
2563,23,4
2564,35,3
2565,29,2
2566,42,5
2567,40,2
2568,34,3
2569,26,0
2570,33,4
2571,28,0
2572,25,6
2573,36,9
2574,32,2
2575,21,0
2576,18,5
2577,39,6
2578,44,2
2579,51,6
2580,18,6
2581,20,0
2582,29,1
2583,45,6
2584,30,5
2585,45,8
2586,38,6
2587,36,9
2588,39,5
2589,25,3
2590,26,2
2591,35,4
2592,20,2
2593,18,3
2594,43,6
2595,31,4
2596,39,7
2597,40,7
2598,41,6
2599,26,9
2600,31,3
2601,40,8
2602,32,3
2603,41,0
2604,34,3
2605,46,3
2606,48,1
2607,36,6
2608,47,7
2609,26,2
2610,38,4
2611,38,0
2612,48,2
2613,31,6
2614,33,9
2615,29,6
2616,19,4
2617,18,3
2618,25,3
2619,33,7
2620,47,6
2621,55,4
2622,38,4
2623,25,9
2624,30,2
2625,37,3
2626,36,7
2627,33,9
2628,38,3
2629,52,8
2630,46,9
2631,18,8
2632,18,9
2633,38,1
2634,42,8
2635,22,0
2636,29,0
2637,27,3
2638,20,1
2639,46,8
2640,39,0
2641,34,0
2642,55,6
2643,43,2
2644,18,4
2645,40,6
2646,46,3
2647,52,4
2648,18,2
2649,35,9
2650,42,6
2651,23,6
2652,30,8
2653,18,1
2654,42,3
2655,53,9
2656,55,5
2657,28,3
2658,38,8
2659,44,4
2660,50,7
2661,33,3
2662,30,7
2663,28,1
2664,22,1
2665,18,1
2666,44,7
2667,56,9
2668,21,9
2669,27,7
2670,40,6
2671,30,3
2672,23,9
2673,55,8
2674,34,2
2675,18,3
2676,52,6
2677,23,4
2678,28,3
2679,22,8
2680,44,2
2681,33,5
2682,27,1
2683,41,3
2684,30,5
2685,52,5
2686,53,5
2687,35,5
2688,44,0
2689,33,4
2690,34,2
2691,29,1
2692,47,7
2693,30,9
2694,26,0
2695,36,1
2696,41,3
2697,37,7
2698,31,7
2699,28,4
2700,52,3
2701,33,2
2702,55,5
2703,34,4
2704,39,3
2705,30,0
2706,37,5
2707,33,4
2708,46,6
2709,28,8
2710,29,8
2711,34,0
2712,33,8
2713,18,4
2714,31,9
2715,32,7
2716,49,2
2717,27,2
2718,53,1
2719,34,1
2720,32,9
2721,33,4
2722,39,7
2723,44,7
2724,38,7
2725,43,3
2726,18,7
2727,35,0
2728,43,4
2729,25,9
2730,27,5
2731,28,5
2732,30,6
2733,60,7
2734,44,1
2735,26,4
2736,40,1
2737,31,4
2738,35,4
2739,34,4
2740,22,9
2741,19,3
2742,36,8
2743,32,3
2744,34,4
2745,31,8
2746,21,0
2747,38,2
2748,22,1
2749,31,8
2750,39,5
2751,38,1
2752,33,2
2753,34,0
2754,48,0
2755,49,3
2756,39,3
2757,42,7
2758,33,9
2759,32,7
2760,28,0
2761,44,6
2762,34,1
2763,45,2
2764,29,4
2765,45,7
2766,57,4
2767,23,0
2768,43,1
2769,26,9
2770,34,7
2771,20,4
2772,24,7
2773,32,3
2774,30,4
2775,36,8
2776,24,3
2777,23,0
2778,43,4
2779,37,4
2780,23,8
2781,40,7
2782,26,4
2783,25,8
2784,45,1
2785,47,4
2786,39,9
2787,35,5
2788,31,5
2789,24,8
2790,31,0
2791,33,1
2792,23,2
2793,34,9
2794,35,8
2795,35,9
2796,40,8
2797,33,7
2798,38,8
2799,55,4
2800,35,3
2801,40,8
2802,35,1
2803,25,3
2804,39,4
2805,51,1
2806,36,2
2807,26,8
2808,23,7
2809,31,5
2810,25,4
2811,33,1
2812,31,1
2813,25,7
2814,32,3
2815,46,1
2816,34,2
2817,37,7
2818,45,6
2819,57,2
2820,49,0
2821,43,4
2822,25,5
2823,49,7
2824,31,5
2825,26,4
2826,32,0
2827,40,2
2828,54,0
2829,36,9
2830,33,1
2831,31,6
2832,29,8
2833,53,4
2834,30,7
2835,34,5
2836,50,5
2837,45,9
2838,20,7
2839,31,1
2840,30,2
2841,41,7
2842,35,4
2843,32,1
2844,43,2
2845,30,0
2846,27,0
2847,46,3
2848,28,2
2849,35,6
2850,45,0
2851,23,8
2852,30,7
2853,39,5
2854,42,1
2855,47,1
2856,46,2
2857,42,4
2858,31,8
2859,33,8
2860,41,2
2861,41,6
2862,59,5
2863,34,1
2864,18,1
2865,20,4
2866,28,1
2867,35,6
2868,34,5
2869,26,1
2870,42,7
2871,37,4
2872,32,7
2873,24,5
2874,41,1
2875,42,9
2876,49,2
2877,24,9
2878,18,8
2879,54,8
2880,19,4
2881,40,7
2882,31,5
2883,47,4
2884,53,9
2885,49,1
2886,36,0
2887,25,1
2888,28,3
2889,37,4
2890,32,0
2891,21,8
2892,32,6
2893,28,0
2894,32,0
2895,29,7
2896,32,7
2897,49,4
2898,22,7
2899,55,6
2900,33,4
2901,24,8
2902,50,1
2903,38,8
2904,50,1
2905,18,6
2906,18,6
2907,24,4
2908,43,9
2909,38,4
2910,36,8
2911,30,0
2912,52,6
2913,26,2
2914,42,5
2915,30,1
2916,35,9
2917,41,3
2918,27,6
2919,35,4
2920,39,1
2921,40,3
2922,35,7
2923,28,4
2924,31,7
2925,38,8
2926,30,2
2927,60,0
2928,37,0
2929,47,6
2930,36,0
2931,28,3
2932,51,9
2933,33,3
2934,37,7
2935,43,4
2936,30,9
2937,39,8
2938,24,6
2939,35,5
2940,29,9
2941,35,2
2942,38,5
2943,34,1
2944,44,9
2945,36,4
2946,18,4
2947,36,5
2948,38,5
2949,44,3
2950,27,4
2951,41,8
2952,52,4
2953,46,7
2954,20,5
2955,25,4
2956,33,1
2957,42,3
2958,36,2
2959,37,6
2960,45,4
2961,38,1
2962,60,3
2963,39,6
2964,30,3
2965,21,1
2966,21,4
2967,34,3
2968,31,6
2969,21,2
2970,37,6
2971,51,4
2972,51,4
2973,18,7
2974,51,8
2975,26,0
2976,26,1
2977,28,7
2978,33,4
2979,27,0
2980,33,3
2981,39,8
2982,59,8
2983,20,4
2984,34,6
2985,23,2
2986,48,3
2987,36,0
2988,19,8
2989,30,6
2990,18,7
2991,32,5
2992,34,5
2993,53,1
2994,35,6
2995,41,5
2996,35,3
2997,42,0
2998,41,9
2999,25,1
3000,33,6
3001,30,6
3002,22,8
3003,27,8
3004,37,4
3005,37,5
3006,20,0
3007,18,4
3008,48,4
3009,19,3
3010,27,0
3011,18,1
3012,29,6
3013,46,3
3014,44,8
3015,33,4
3016,20,4
3017,46,0
3018,34,2
3019,49,3
3020,18,4
3021,35,0
3022,47,7
3023,31,6
3024,39,9
3025,50,3
3026,51,9
3027,50,1
3028,35,3
3029,60,6
3030,28,2
3031,29,4
3032,29,8
3033,38,9
3034,33,4
3035,36,2
3036,32,0
3037,41,0
3038,60,2
3039,25,9
3040,33,3
3041,33,6
3042,18,3
3043,47,6
3044,42,5
3045,36,1
3046,36,1
3047,29,0
3048,43,2
3049,48,3
3050,36,8
3051,21,9
3052,44,2
3053,36,0
3054,37,4
3055,23,0
3056,35,7
3057,28,4
3058,37,7
3059,22,6
3060,42,8
3061,40,9
3062,30,9
3063,20,4
3064,49,4
3065,38,8
3066,43,3
3067,37,7
3068,42,7
3069,21,4
3070,33,9
3071,37,7
3072,45,6
3073,42,5
3074,60,4
3075,33,7
3076,42,8
3077,47,2
3078,48,8
3079,28,4
3080,29,4
3081,34,2
3082,44,5
3083,26,1
3084,43,6
3085,54,9
3086,31,5
3087,42,3
3088,42,3
3089,28,8
3090,35,6
3091,44,1
3092,24,3
3093,42,9
3094,44,6
3095,40,3
3096,42,6
3097,55,3
3098,34,7
3099,32,2
3100,29,1
3101,37,8
3102,37,7
3103,38,8
3104,40,6
3105,18,3
3106,38,9
3107,37,3
3108,18,5
3109,30,2
3110,35,2
3111,21,0
3112,33,2
3113,53,1
3114,34,6
3115,44,3
3116,32,2
3117,34,2
3118,34,4
3119,18,7
3120,28,8
3121,30,2
3122,18,1
3123,39,5
3124,46,7
3125,40,2
3126,45,2
3127,43,1
3128,32,1
3129,50,8
3130,39,6
3131,24,3
3132,26,4
3133,44,2
3134,33,4
3135,18,7
3136,18,7
3137,27,7
3138,39,9
3139,43,7
3140,38,8
3141,18,1
3142,34,3
3143,36,9
3144,32,9
3145,23,7
3146,24,5
3147,27,2
3148,37,9
3149,36,9
3150,55,1
3151,38,9
3152,28,8
3153,30,9
3154,58,4
3155,34,3
3156,30,6
3157,32,4
3158,50,1
3159,35,5
3160,38,2
3161,34,6
3162,41,9
3163,34,7
3164,23,2
3165,30,7
3166,24,0
3167,44,7
3168,18,4
3169,34,2
3170,18,9
3171,37,3
3172,32,4
3173,23,6
3174,30,5
3175,30,4
3176,24,5
3177,27,0
3178,34,2
3179,25,5
3180,24,7
3181,47,8
3182,31,5
3183,51,6
3184,28,2
3185,52,6
3186,49,3
3187,37,3
3188,22,7
3189,18,4
3190,41,7
3191,18,0
3192,30,1
3193,31,1
3194,18,4
3195,51,5
3196,36,9
3197,29,1
3198,45,1
3199,20,4
3200,31,1
3201,23,4
3202,21,5
3203,47,6
3204,38,6
3205,19,5
3206,27,0
3207,43,6
3208,30,4
3209,33,3
3210,45,1
3211,29,4
3212,30,4
3213,32,1
3214,50,6
3215,24,4
3216,36,4
3217,48,6
3218,45,1
3219,49,5
3220,50,4
3221,18,0
3222,37,4
3223,20,5
3224,39,2
3225,37,2
3226,43,0
3227,34,3
3228,20,5
3229,33,7
3230,28,4
3231,29,8
3232,41,9
3233,18,2
3234,33,6
3235,31,9
3236,32,2
3237,44,5
3238,41,5
3239,42,1
3240,27,4
3241,35,1
3242,29,9
3243,34,5
3244,18,9
3245,27,7
3246,44,5
3247,51,7
3248,18,1
3249,38,5
3250,38,3
3251,40,7
3252,18,5
3253,28,4
3254,35,7
3255,43,7
3256,25,0
3257,21,4
3258,46,8
3259,37,2
3260,40,8
3261,31,8
3262,18,4
3263,41,1
3264,43,0
3265,23,4
3266,44,4
3267,39,2
3268,23,1
3269,56,1
3270,36,7
3271,45,0
3272,30,1
3273,46,2
3274,42,1
3275,48,0
3276,50,7
3277,18,4
3278,33,0
3279,24,9
3280,18,3
3281,55,4
3282,18,1
3283,32,2
3284,51,3
3285,39,4
3286,42,2
3287,34,6
3288,44,3
3289,35,0
3290,43,9
3291,25,5
3292,39,7
3293,25,8
3294,37,7
3295,23,3
3296,32,4
3297,42,4
3298,28,3
3299,40,0
3300,35,1
3301,22,9
3302,42,9
3303,52,6
3304,20,4
3305,26,5
3306,41,6
3307,23,8
3308,50,3
3309,29,4
3310,42,5
3311,25,7
3312,18,0
3313,22,1
3314,28,3
3315,33,0
3316,29,8
3317,31,4
3318,24,2
3319,18,3
3320,31,4
3321,40,5
3322,38,6
3323,30,3
3324,24,8
3325,32,5
3326,24,4
3327,47,3
3328,45,9
3329,30,4
3330,39,8
3331,44,0
3332,40,3
3333,36,8
3334,26,9
3335,33,3
3336,22,2
3337,30,9
3338,29,3
3339,34,8
3340,29,5
3341,29,1
3342,30,3
3343,18,3
3344,43,4
3345,32,3
3346,24,5
3347,46,9
3348,45,0
3349,55,5
3350,46,6
3351,40,7
3352,28,5
3353,50,2
3354,42,5
3355,35,0
3356,34,4
3357,41,4
3358,43,8
3359,22,4
3360,49,6
3361,24,0
3362,42,7
3363,40,5
3364,28,4
3365,32,4
3366,23,1
3367,35,2
3368,32,4
3369,33,3
3370,54,9
3371,36,6
3372,38,1
3373,38,9
3374,27,1
3375,20,6
3376,39,5
3377,22,1
3378,42,4
3379,47,0
3380,40,0
3381,20,0
3382,32,4
3383,48,2
3384,37,0
3385,41,5
3386,50,1
3387,18,4
3388,44,1
3389,37,0
3390,39,3
3391,33,4
3392,38,3
3393,18,5
3394,48,4
3395,40,3
3396,31,1
3397,37,1
3398,37,4
3399,35,1
3400,41,3
3401,40,5
3402,35,7
3403,28,4
3404,45,0
3405,37,2
3406,39,8
3407,42,5
3408,18,9
3409,49,1
3410,33,5
3411,47,7
3412,31,4
3413,32,7
3414,32,2
3415,18,1
3416,28,6
3417,53,1
3418,33,8
3419,45,3
3420,35,0
3421,39,7
3422,35,1
3423,33,2
3424,37,1
3425,48,7
3426,28,0
3427,25,6
3428,21,2
3429,26,1
3430,38,8
3431,45,3
3432,38,3
3433,36,7
3434,50,4
3435,19,6
3436,41,0
3437,41,8
3438,18,4
3439,36,1
3440,37,1
3441,34,7
3442,20,5
3443,36,8
3444,30,0
3445,22,2
3446,39,7
3447,46,1
3448,26,4
3449,36,6
3450,56,9
3451,46,3
3452,38,7
3453,51,8
3454,28,8
3455,24,4
3456,29,1
3457,37,2
3458,44,7
3459,29,2
3460,35,8
3461,33,0
3462,33,7
3463,30,9
3464,41,4
3465,20,9
3466,47,0
3467,40,2
3468,41,2
3469,30,1
3470,24,4
3471,30,1
3472,40,8
3473,31,0
3474,32,8
3475,50,4
3476,44,5
3477,44,4
3478,32,1
3479,46,1
3480,26,0
3481,33,9
3482,48,4
3483,33,2
3484,40,6
3485,26,5
3486,35,0
3487,29,0
3488,30,4
3489,34,7
3490,40,3
3491,55,8
3492,31,1
3493,25,5
3494,34,8
3495,36,0
3496,29,4
3497,45,0
3498,34,2
3499,24,3
3500,33,8
3501,25,1
3502,36,4
3503,37,9
3504,35,4
3505,31,7
3506,46,4
3507,37,1
3508,36,9
3509,31,6
3510,35,5
3511,22,0
3512,50,9
3513,31,3
3514,40,8
3515,49,2
3516,18,8
3517,37,0
3518,23,1
3519,32,1
3520,35,1
3521,32,9
3522,25,9
3523,34,5
3524,54,1
3525,39,9
3526,23,4
3527,40,9
3528,27,7
3529,34,4
3530,25,1
3531,18,6
3532,18,7
3533,51,2
3534,42,0
3535,32,8
3536,19,2
3537,22,4
3538,41,9
3539,19,2
3540,27,9
3541,37,5
3542,47,1
3543,38,3
3544,24,1
3545,51,4
3546,39,3
3547,42,5
3548,50,5
3549,25,2
3550,30,4
3551,35,2
3552,52,7
3553,31,6
3554,42,9
3555,44,5
3556,36,4
3557,36,4
3558,50,4
3559,23,1
3560,50,8
3561,40,5
3562,37,9
3563,21,0
3564,34,5
3565,24,8
3566,37,1
3567,39,8
3568,26,2
3569,51,9
3570,40,3
3571,33,9
3572,18,2
3573,39,1
3574,33,2
3575,33,4
3576,18,8
3577,50,6
3578,22,4
3579,36,6
3580,36,3
3581,39,5
3582,27,1
3583,24,5
3584,43,4
3585,51,3
3586,40,4
3587,18,6
3588,32,8
3589,22,3
3590,33,8
3591,39,6
3592,23,6
3593,36,1
3594,50,7
3595,33,7
3596,37,5
3597,48,4
3598,40,7
3599,30,8
3600,42,6
3601,27,9
3602,45,5
3603,46,5
3604,31,1
3605,41,0
3606,25,4
3607,25,6
3608,39,3
3609,44,4
3610,32,2
3611,37,6
3612,39,8
3613,59,7
3614,39,2
3615,18,6
3616,42,5
3617,39,8
3618,26,5
3619,32,0
3620,52,6
3621,18,6
3622,46,4
3623,27,4
3624,41,4
3625,21,6
3626,33,2
3627,31,4
3628,36,5
3629,22,4
3630,27,1
3631,37,1
3632,32,3
3633,30,0
3634,41,4
3635,34,4
3636,29,0
3637,47,7
3638,44,3
3639,32,6
3640,21,7
3641,35,9
3642,34,9
3643,33,9
3644,49,0
3645,49,8
3646,28,2
3647,41,4
3648,60,8
3649,48,1
3650,26,9
3651,40,3
3652,41,8
3653,25,3
3654,28,6
3655,34,1
3656,37,5
3657,21,7
3658,28,8
3659,33,7
3660,33,1
3661,44,8
3662,40,5
3663,30,9
3664,46,3
3665,43,7
3666,30,4
3667,24,8
3668,32,9
3669,28,2
3670,30,8
3671,30,1
3672,35,3
3673,31,4
3674,46,2
3675,46,2
3676,40,8
3677,29,7
3678,51,8
3679,18,0
3680,44,1
3681,23,6
3682,43,2
3683,28,3
3684,38,8
3685,33,1
3686,46,4
3687,60,1
3688,53,8
3689,29,8
3690,29,3
3691,44,3
3692,22,7
3693,41,3
3694,32,5
3695,38,1
3696,41,7
3697,43,4
3698,47,0
3699,22,6
3700,35,8
3701,18,1
3702,18,8
3703,18,0
3704,38,3
3705,40,8
3706,51,1
3707,41,5
3708,33,0
3709,36,7
3710,32,9
3711,33,1
3712,22,3
3713,30,5
3714,42,7
3715,33,6
3716,34,2
3717,43,0
3718,38,1
3719,35,2
3720,50,7
3721,36,8
3722,18,5
3723,30,1
3724,31,7
3725,48,0
3726,22,2
3727,35,5
3728,42,2
3729,35,7
3730,34,4
3731,30,4
3732,30,7
3733,44,9
3734,36,9
3735,41,3
3736,29,3
3737,38,0
3738,19,8
3739,26,9
3740,43,1
3741,44,7
3742,26,9
3743,31,0
3744,31,4
3745,36,7
3746,18,0
3747,39,4
3748,39,2
3749,40,4
3750,36,4
3751,18,1
3752,55,6
3753,43,6
3754,42,2
3755,30,6
3756,39,6
3757,38,3
3758,56,9
3759,18,4
3760,33,8
3761,42,6
3762,43,5
3763,40,0
3764,18,4
3765,37,4
3766,39,4
3767,47,9
3768,32,3
3769,35,9
3770,39,4
3771,29,1
3772,22,1
3773,43,0
3774,37,6
3775,37,2
3776,60,7
3777,35,1
3778,26,0
3779,18,6
3780,21,5
3781,31,5
3782,47,5
3783,24,9
3784,29,1
3785,37,6
3786,31,8
3787,37,1
3788,38,4
3789,30,2
3790,23,0
3791,49,7
3792,26,7
3793,34,1
3794,27,9
3795,19,9
3796,39,1
3797,39,7
3798,22,9
3799,22,4
3800,24,3
3801,23,8
3802,49,2
3803,44,7
3804,39,8
3805,58,5
3806,33,9
3807,26,3
3808,36,2
3809,31,8
3810,41,8
3811,53,6
3812,36,4
3813,39,1
3814,30,6
3815,19,7
3816,25,9
3817,32,4
3818,44,0
3819,47,4
3820,40,8
3821,36,4
3822,29,7
3823,22,7
3824,30,8
3825,35,0
3826,32,4
3827,45,7
3828,37,2
3829,40,1
3830,39,4
3831,40,1
3832,46,3
3833,45,9
3834,38,3
3835,32,6
3836,29,1
3837,34,1
3838,35,5
3839,39,8
3840,48,3
3841,32,6
3842,24,5
3843,36,5
3844,33,3
3845,18,9
3846,52,4
3847,38,6
3848,18,7
3849,47,3
3850,32,4
3851,43,4
3852,37,3
3853,21,3
3854,30,1
3855,36,1
3856,31,2
3857,31,5
3858,25,6
3859,51,4
3860,44,9
3861,27,5
3862,37,5
3863,25,3
3864,41,1
3865,38,8
3866,32,5
3867,26,4
3868,28,4
3869,35,4
3870,26,4
3871,27,8
3872,30,0
3873,18,3
3874,55,0
3875,41,7
3876,35,4
3877,25,1
3878,24,3
3879,33,1
3880,39,0
3881,42,9
3882,43,9
3883,32,2
3884,18,7
3885,55,7
3886,45,7
3887,31,5
3888,21,5
3889,51,8
3890,48,8
3891,31,9
3892,18,3
3893,34,9
3894,41,5
3895,40,3
3896,30,2
3897,32,1
3898,38,3
3899,31,0
3900,38,5
3901,38,7
3902,27,6
3903,42,3
3904,42,1
3905,18,3
3906,44,1
3907,37,0
3908,29,8
3909,46,9
3910,47,4
3911,21,9
3912,34,9
3913,18,0
3914,18,4
3915,49,7
3916,45,9
3917,30,9
3918,26,4
3919,29,9
3920,44,4
3921,47,2
3922,43,1
3923,20,5
3924,18,1
3925,36,6
3926,19,1
3927,26,8
3928,34,4
3929,27,1
3930,40,1
3931,37,5
3932,25,4
3933,40,5
3934,18,7
3935,48,6
3936,28,3
3937,43,4
3938,37,4
3939,28,5
3940,28,4
3941,42,0
3942,25,7
3943,40,7
3944,44,3
3945,43,0
3946,18,6
3947,43,2
3948,26,7
3949,45,4
3950,18,6
3951,32,5
3952,38,6
3953,46,8
3954,44,7
3955,53,1
3956,38,1
3957,33,5
3958,27,0
3959,24,2
3960,31,9
3961,38,1
3962,30,1
3963,55,1
3964,37,8
3965,35,5
3966,28,1
3967,40,2
3968,29,5
3969,25,3
3970,47,2
3971,48,2
3972,32,7
3973,37,5
3974,37,9
3975,21,1
3976,36,7
3977,30,0
3978,47,9
3979,36,6
3980,19,7
3981,42,5
3982,28,4
3983,44,9
3984,35,3
3985,40,0
3986,53,6
3987,19,5
3988,24,8
3989,18,8
3990,42,4
3991,24,2
3992,46,9
3993,37,2
3994,28,5
3995,40,8
3996,20,1
3997,40,6
3998,25,0
3999,48,5
4000,40,8
4001,48,8
4002,41,9
4003,30,6
4004,25,1
4005,37,7
4006,51,9
4007,36,8
4008,18,3
4009,35,0
4010,34,0
4011,33,3
4012,33,7
4013,25,5
4014,38,1
4015,41,3
4016,47,2
4017,44,9
4018,44,0
4019,32,4
4020,40,5
4021,27,2
4022,38,9
4023,43,0
4024,36,2
4025,29,1
4026,33,4
4027,36,2
4028,44,8
4029,60,6
4030,52,6
4031,28,2
4032,27,2
4033,21,6
4034,30,7
4035,59,0
4036,47,0
4037,32,1
4038,34,2
4039,27,5
4040,25,1
4041,24,4
4042,38,8
4043,45,9
4044,24,4
4045,23,0
4046,29,0
4047,34,9
4048,41,9
4049,34,8
4050,18,3
4051,40,7
4052,30,8
4053,29,2
4054,54,0
4055,24,9
4056,37,6
4057,49,7
4058,42,4
4059,46,8
4060,22,3
4061,34,1
4062,33,0
4063,29,1
4064,46,5
4065,39,7
4066,18,9
4067,50,1
4068,35,8
4069,18,7
4070,52,5
4071,33,0
4072,32,0
4073,20,9
4074,37,4
4075,26,0
4076,46,4
4077,46,1
4078,23,1
4079,37,2
4080,36,5
4081,33,1
4082,18,4
4083,35,3
4084,53,9
4085,35,4
4086,26,4
4087,49,5
4088,35,6
4089,36,1
4090,33,8
4091,32,1
4092,52,7
4093,27,3
4094,38,1
4095,30,4
4096,45,6
4097,40,5
4098,42,9
4099,36,4
4100,40,0
4101,18,5
4102,44,5
4103,52,1
4104,43,2
4105,41,5
4106,44,6
4107,20,5
4108,43,1
4109,26,8
4110,35,4
4111,37,3
4112,27,2
4113,31,4
4114,20,1
4115,27,5
4116,24,7
4117,28,4
4118,41,2
4119,31,9
4120,31,8
4121,47,9
4122,30,4
4123,27,9
4124,46,5
4125,18,5
4126,25,2
4127,39,1
4128,31,0
4129,29,4
4130,29,0
4131,35,7
4132,54,1
4133,43,7
4134,23,7
4135,21,4
4136,32,0
4137,20,1
4138,40,4
4139,34,0
4140,33,4
4141,37,2
4142,29,9
4143,36,9
4144,43,6
4145,19,4
4146,33,4
4147,41,7
4148,27,9
4149,43,4
4150,27,9
4151,29,4
4152,18,6
4153,46,0
4154,26,8
4155,58,6
4156,35,0
4157,41,6
4158,26,0
4159,32,4
4160,60,2
4161,41,1
4162,42,4
4163,47,4
4164,34,3
4165,31,1
4166,52,1
4167,31,1
4168,25,0
4169,28,3
4170,29,9
4171,29,6
4172,33,1
4173,42,0
4174,50,4
4175,42,6
4176,24,0
4177,48,6
4178,25,0
4179,23,9
4180,35,6
4181,34,6
4182,27,2
4183,36,4
4184,34,7
4185,25,3
4186,29,3
4187,43,1
4188,37,0
4189,23,1
4190,51,7
4191,41,0
4192,28,8
4193,21,2
4194,54,5
4195,46,2
4196,37,3
4197,35,2
4198,44,5
4199,22,4
4200,28,2
4201,30,3
4202,33,0
4203,36,4
4204,35,6
4205,43,0
4206,39,4
4207,52,4
4208,28,2
4209,46,2
4210,29,5
4211,33,4
4212,29,5
4213,51,0
4214,29,1
4215,24,6
4216,19,7
4217,23,3
4218,22,5
4219,40,0
4220,33,2
4221,24,0
4222,19,9
4223,21,7
4224,37,0
4225,22,2
4226,38,4
4227,40,7
4228,32,2
4229,32,8
4230,44,0
4231,59,0
4232,56,1
4233,47,0
4234,27,9
4235,53,4
4236,32,7
4237,49,0
4238,32,4
4239,34,2
4240,48,4
4241,49,8
4242,43,4
4243,43,9
4244,36,2
4245,41,9
4246,30,5
4247,28,1
4248,33,0
4249,40,9
4250,39,4
4251,39,5
4252,45,3
4253,35,5
4254,24,3
4255,51,8
4256,43,7
4257,32,5
4258,30,7
4259,44,2
4260,25,2
4261,36,9
4262,26,1
4263,33,3
4264,34,3
4265,33,9
4266,18,5
4267,36,5
4268,32,9
4269,25,0
4270,21,7
4271,34,5
4272,43,8
4273,43,8
4274,42,3
4275,38,9
4276,38,4
4277,39,3
4278,37,4
4279,45,4
4280,41,3
4281,33,7
4282,37,9
4283,40,3
4284,23,9
4285,47,2
4286,44,1
4287,48,4
4288,19,7
4289,50,9
4290,51,5
4291,39,3
4292,46,0
4293,34,5
4294,24,2
4295,24,7
4296,37,1
4297,43,3
4298,43,8
4299,28,4
4300,26,9
4301,38,1
4302,33,6
4303,29,0
4304,28,3
4305,24,1
4306,39,4
4307,19,0
4308,33,1
4309,45,2
4310,37,1
4311,25,5
4312,27,7
4313,47,7
4314,28,0
4315,27,9
4316,45,5
4317,32,8
4318,29,7
4319,35,4
4320,29,0
4321,25,6
4322,32,5
4323,34,2
4324,18,1
4325,31,2
4326,44,7
4327,45,5
4328,35,0
4329,46,7
4330,24,7
4331,57,0
4332,20,7
4333,39,8
4334,46,3
4335,31,7
4336,36,2
4337,30,4
4338,35,7
4339,27,8
4340,42,4
4341,22,3
4342,49,6
4343,40,6
4344,49,3
4345,31,2
4346,49,5
4347,41,4
4348,46,5
4349,49,5
4350,27,4
4351,41,3
4352,32,3
4353,31,7
4354,34,5
4355,28,4
4356,29,2
4357,20,5
4358,29,0
4359,25,0
4360,45,0
4361,46,7
4362,36,7
4363,47,1
4364,51,8
4365,22,9
4366,30,3
4367,32,9
4368,43,0
4369,22,2
4370,45,3
4371,27,4
4372,32,2
4373,43,7
4374,44,1
4375,31,0
4376,44,4
4377,40,9
4378,37,2
4379,44,9
4380,27,8
4381,38,8
4382,33,1
4383,28,7
4384,33,4
4385,35,8
4386,31,2
4387,45,2
4388,27,0
4389,21,0
4390,38,4
4391,33,4
4392,30,8
4393,39,0
4394,30,7
4395,33,5
4396,47,2
4397,27,4
4398,27,0
4399,27,1
4400,24,0
4401,18,5
4402,25,2
4403,32,3
4404,48,3
4405,44,9
4406,48,2
4407,31,3
4408,32,0
4409,26,3
4410,38,5
4411,20,4
4412,34,7
4413,18,0
4414,26,1
4415,35,0
4416,21,4
4417,31,7
4418,39,3
4419,35,8
4420,31,3
4421,26,3
4422,45,8
4423,22,1
4424,29,5
4425,38,2
4426,37,5
4427,37,0
4428,47,6
4429,33,1
4430,52,4
4431,28,7
4432,30,1
4433,19,8
4434,32,4
4435,28,1
4436,38,3
4437,33,9
4438,35,0
4439,36,9
4440,26,2
4441,19,1
4442,41,4
4443,37,1
4444,39,3
4445,22,0
4446,28,3
4447,35,0
4448,45,8
4449,34,0
4450,28,3
4451,22,8
4452,34,0
4453,39,6
4454,43,8
4455,48,9
4456,36,4
4457,43,0
4458,46,3
4459,42,1
4460,53,5
4461,56,2
4462,43,2
4463,44,1
4464,41,4
4465,46,6
4466,26,5
4467,39,5
4468,41,0
4469,19,3
4470,24,9
4471,23,3
4472,35,0
4473,41,7
4474,21,6
4475,40,3
4476,39,5
4477,38,1
4478,44,4
4479,28,9
4480,39,4
4481,25,9
4482,19,5
4483,31,5
4484,28,3
4485,29,7
4486,31,1
4487,48,1
4488,28,2
4489,35,8
4490,35,5
4491,47,3
4492,30,0
4493,22,5
4494,35,0
4495,30,1
4496,39,2
4497,26,3
4498,41,2
4499,32,7
4500,35,1
4501,47,5
4502,30,3
4503,57,5
4504,32,3
4505,30,1
4506,31,0
4507,40,4
4508,39,0
4509,45,3
4510,40,1
4511,24,8
4512,28,4
4513,18,4
4514,41,0
4515,40,8
4516,46,6
4517,32,3
4518,24,0
4519,46,2
4520,27,4
4521,35,3
4522,43,5
4523,30,7
4524,60,4
4525,20,0
4526,36,0
4527,29,8
4528,18,1
4529,38,9
4530,30,6
4531,31,9
4532,47,4
4533,34,7
4534,40,1
4535,39,6
4536,23,6
4537,45,8
4538,27,0
4539,60,8
4540,31,3
4541,47,0
4542,30,3
4543,19,8
4544,50,7
4545,30,7
4546,54,4
4547,60,8
4548,27,5
4549,34,8
4550,29,3
4551,36,3
4552,23,4
4553,45,1
4554,50,5
4555,48,6
4556,31,4
4557,34,9
4558,30,5
4559,45,0
4560,43,7
4561,30,1
4562,37,4
4563,36,5
4564,46,1
4565,31,4
4566,29,8
4567,33,9
4568,22,3
4569,48,7
4570,30,9
4571,32,1
4572,40,3
4573,34,4
4574,56,1
4575,33,2
4576,48,1
4577,35,3
4578,25,4
4579,46,4
4580,34,6
4581,43,7
4582,18,3
4583,41,8
4584,23,3
4585,33,5
4586,44,1
4587,23,3
4588,38,2
4589,37,9
4590,27,7
4591,25,3
4592,18,4
4593,41,9
4594,32,7
4595,28,2
4596,60,6
4597,39,2
4598,37,2
4599,35,4
4600,29,0
4601,18,5
4602,26,9
4603,30,3
4604,34,3
4605,18,9
4606,24,4
4607,27,3
4608,52,8
4609,34,3
4610,32,8
4611,40,8
4612,25,1
4613,51,7
4614,45,7
4615,39,6
4616,33,6
4617,49,5
4618,43,3
4619,40,0
4620,31,6
4621,18,2
4622,44,6
4623,26,9
4624,32,7
4625,39,1
4626,40,5
4627,51,6
4628,42,1
4629,51,9
4630,33,0
4631,22,2
4632,29,1
4633,37,6
4634,27,3
4635,56,6
4636,18,4
4637,34,5
4638,28,8
4639,30,2
4640,30,3
4641,29,7
4642,40,5
4643,24,2
4644,18,5
4645,27,6
4646,36,4
4647,47,8
4648,47,8
4649,33,8
4650,35,7
4651,41,4
4652,25,9
4653,18,4
4654,41,9
4655,46,0
4656,29,3
4657,38,1
4658,37,5
4659,28,0
4660,37,6
4661,40,8
4662,35,9
4663,27,2
4664,32,4
4665,33,7
4666,49,3
4667,37,4
4668,37,3
4669,32,5
4670,30,0
4671,25,4
4672,42,9
4673,30,4
4674,44,4
4675,41,2
4676,25,9
4677,29,8
4678,40,9
4679,27,6
4680,46,5
4681,48,3
4682,40,0
4683,34,7
4684,57,3
4685,31,3
4686,40,3
4687,46,3
4688,19,0
4689,41,9
4690,23,5
4691,32,9
4692,55,4
4693,18,5
4694,41,1
4695,35,2
4696,32,1
4697,49,1
4698,22,3
4699,33,7
4700,34,7
4701,33,4
4702,35,5
4703,36,3
4704,42,4
4705,42,3
4706,39,1
4707,36,8
4708,30,5
4709,47,9
4710,35,7
4711,35,3
4712,38,8
4713,36,5
4714,48,4
4715,33,5
4716,42,9
4717,27,6
4718,19,6
4719,39,8
4720,46,4
4721,31,3
4722,18,9
4723,24,1
4724,28,2
4725,29,4
4726,39,3
4727,36,3
4728,41,0
4729,35,8
4730,30,2
4731,43,7
4732,37,2
4733,35,1
4734,27,4
4735,59,2
4736,22,2
4737,36,1
4738,53,0
4739,46,3
4740,54,0
4741,31,6
4742,18,0
4743,42,3
4744,37,9
4745,43,8
4746,39,8
4747,52,5
4748,53,1
4749,38,4
4750,40,1
4751,37,8
4752,39,9
4753,45,3
4754,40,3
4755,26,2
4756,31,8
4757,28,4
4758,34,7
4759,39,8
4760,36,5
4761,34,1
4762,19,2
4763,31,7
4764,47,8
4765,27,3
4766,34,3
4767,34,0
4768,42,3
4769,26,4
4770,35,7
4771,48,3
4772,25,7
4773,25,7
4774,38,0
4775,45,3
4776,35,5
4777,23,9
4778,48,0
4779,51,5
4780,42,4
4781,18,4
4782,53,4
4783,39,6
4784,24,3
4785,42,5
4786,28,9
4787,42,2
4788,31,2
4789,46,9
4790,29,1
4791,37,9
4792,30,1
4793,31,4
4794,33,0
4795,44,7
4796,36,1
4797,37,3
4798,18,3
4799,31,4
4800,18,5
4801,30,5
4802,32,2
4803,52,0
4804,18,3
4805,28,1
4806,37,3
4807,18,4
4808,22,0
4809,38,5
4810,42,9
4811,22,1
4812,43,3
4813,36,1
4814,47,9
4815,27,3
4816,29,5
4817,37,2
4818,31,1
4819,30,0
4820,43,4
4821,47,9
4822,28,1
4823,34,7
4824,31,2
4825,34,5
4826,34,3
4827,18,9
4828,33,6
4829,46,4
4830,31,3
4831,35,1
4832,47,4
4833,18,2
4834,45,5
4835,36,4
4836,50,4
4837,48,1
4838,39,8
4839,32,9
4840,22,5
4841,48,6
4842,54,2
4843,28,1
4844,39,3
4845,27,0
4846,31,1
4847,31,2
4848,35,0
4849,25,2
4850,43,8
4851,40,0
4852,38,2
4853,40,2
4854,25,8
4855,33,3
4856,38,5
4857,29,4
4858,42,4
4859,46,4
4860,18,9
4861,39,6
4862,33,5
4863,34,4
4864,24,3
4865,30,8
4866,29,2
4867,28,2
4868,26,4
4869,47,0
4870,33,4
4871,25,8
4872,18,5
4873,35,1
4874,50,2
4875,18,7
4876,34,4
4877,37,9
4878,48,5
4879,22,3
4880,23,2
4881,48,0
4882,42,6
4883,28,8
4884,33,4
4885,22,0
4886,27,2
4887,35,2
4888,49,6
4889,33,3
4890,35,1
4891,18,5
4892,27,4
4893,49,4
4894,37,9
4895,40,4
4896,36,0
4897,26,3
4898,35,0
4899,35,9
4900,32,5
4901,30,2
4902,42,8
4903,32,0
4904,45,2
4905,34,0
4906,44,3
4907,18,1
4908,41,5
4909,27,9
4910,50,2
4911,36,2
4912,34,6
4913,24,4
4914,40,8
4915,44,3
4916,33,0
4917,46,7
4918,41,0
4919,41,1
4920,42,0
4921,28,4
4922,22,2
4923,29,9
4924,30,0
4925,40,8
4926,45,4
4927,44,3
4928,60,4
4929,37,0
4930,51,6
4931,44,9
4932,36,2
4933,39,7
4934,48,6
4935,28,8
4936,19,6
4937,20,0
4938,37,1
4939,28,3
4940,30,3
4941,33,2
4942,54,4
4943,29,2
4944,44,9
4945,31,9
4946,38,3
4947,47,1
4948,38,9
4949,37,1
4950,18,5
4951,47,4
4952,45,1
4953,23,0
4954,42,8
4955,47,4
4956,33,9
4957,52,8
4958,34,5
4959,44,0
4960,18,0
4961,40,4
4962,31,8
4963,31,1
4964,41,2
4965,27,0
4966,26,0
4967,26,5
4968,28,8
4969,52,4
4970,36,2
4971,39,6
4972,30,5
4973,23,4
4974,19,0
4975,38,0
4976,29,7
4977,18,8
4978,39,4
4979,31,7
4980,30,5
4981,39,9
4982,39,8
4983,18,0
4984,40,4
4985,27,7
4986,25,1
4987,40,2
4988,40,4
4989,35,6
4990,31,3
4991,41,3
4992,30,3
4993,23,7
4994,47,6
4995,25,7
4996,18,7
4997,40,6
4998,18,1
4999,49,7
5000,35,1
5001,34,9
5002,57,2
5003,36,8
5004,29,9
5005,38,4
5006,20,2
5007,42,1
5008,19,2
5009,30,1
5010,34,9
5011,21,1
5012,18,9
5013,18,6
5014,27,1
5015,50,7
5016,40,9
5017,23,3
5018,27,9
5019,28,0
5020,24,5
5021,19,0
5022,31,6
5023,43,6
5024,30,5
5025,30,0
5026,31,5
5027,18,9
5028,42,6
5029,32,7
5030,36,9
5031,36,2
5032,46,3
5033,25,6
5034,29,6
5035,32,1
5036,31,1
5037,40,8
5038,30,2
5039,34,9
5040,42,2
5041,33,7
5042,38,8
5043,38,3
5044,33,3
5045,28,7
5046,44,5
5047,52,5
5048,18,2
5049,33,6
5050,18,8
5051,34,3
5052,57,1
5053,40,1
5054,44,1
5055,30,4
5056,32,7
5057,18,2
5058,40,6
5059,38,9
5060,22,7
5061,40,2
5062,45,5
5063,20,4
5064,26,9
5065,22,3
5066,56,8
5067,45,4
5068,39,6
5069,23,2
5070,57,0
5071,29,7
5072,55,2
5073,31,8
5074,37,1
5075,48,4
5076,31,9
5077,32,4
5078,50,3
5079,38,3
5080,40,8
5081,36,3
5082,49,7
5083,48,6
5084,41,9
5085,36,2
5086,40,2
5087,19,3
5088,37,3
5089,18,8
5090,27,5
5091,37,7
5092,28,5
5093,48,4
5094,33,2
5095,34,6
5096,51,4
5097,42,5
5098,46,6
5099,47,8
5100,33,7
5101,41,3
5102,33,9
5103,31,6
5104,45,0
5105,35,2
5106,46,9
5107,33,2
5108,34,1
5109,45,0
5110,29,3
5111,18,1
5112,39,2
5113,20,4
5114,53,5
5115,18,1
5116,25,0
5117,22,9
5118,32,9
5119,49,9
5120,36,7
5121,37,3
5122,49,5
5123,23,4
5124,37,1
5125,45,1
5126,42,5
5127,28,8
5128,49,6
5129,36,9
5130,26,5
5131,42,9
5132,27,9
5133,43,5
5134,43,4
5135,46,4
5136,34,5
5137,40,1
5138,27,2
5139,35,3
5140,31,6
5141,31,1
5142,37,1
5143,43,2
5144,52,0
5145,47,7
5146,29,0
5147,24,3
5148,29,3
5149,38,9
5150,30,5
5151,33,5
5152,37,9
5153,24,3
5154,46,2
5155,41,0
5156,27,9
5157,43,1
5158,25,0
5159,42,3
5160,48,6
5161,33,5
5162,33,7
5163,39,6
5164,28,7
5165,32,7
5166,23,6
5167,37,8
5168,33,2
5169,48,6
5170,31,3
5171,44,1
5172,27,2
5173,38,3
5174,35,7
5175,26,2
5176,24,1
5177,47,4
5178,30,0
5179,22,6
5180,33,2
5181,21,0
5182,39,4
5183,36,8
5184,23,4
5185,44,4
5186,27,1
5187,39,4
5188,25,5
5189,24,6
5190,34,9
5191,27,3
5192,26,8
5193,33,9
5194,23,3
5195,41,8
5196,28,9
5197,28,6
5198,27,8
5199,31,1
5200,33,9
5201,52,1
5202,38,8
5203,48,4
5204,30,9
5205,46,1
5206,36,4
5207,49,2
5208,32,6
5209,33,6
5210,56,4
5211,23,3
5212,18,5
5213,43,1
5214,22,7
5215,39,2
5216,45,1
5217,38,4
5218,39,3
5219,21,5
5220,24,1
5221,23,0
5222,37,7
5223,32,0
5224,50,7
5225,29,0
5226,44,8
5227,30,2
5228,18,6
5229,40,9
5230,42,5
5231,55,5
5232,23,9
5233,41,4
5234,35,7
5235,40,4
5236,25,4
5237,21,3
5238,56,1
5239,37,7
5240,33,4
5241,33,2
5242,35,2
5243,29,0
5244,45,5
5245,46,4
5246,25,7
5247,34,8
5248,33,9
5249,18,7
5250,30,1
5251,26,1
5252,29,2
5253,24,3
5254,24,0
5255,26,5
5256,28,1
5257,44,6
5258,40,4
5259,33,1
5260,38,7
5261,18,4
5262,24,7
5263,51,0
5264,19,4
5265,37,2
5266,18,2
5267,18,8
5268,26,1
5269,30,8
5270,37,9
5271,37,3
5272,35,0
5273,44,3
5274,42,1
5275,29,3
5276,26,4
5277,48,9
5278,28,1
5279,49,2
5280,20,6
5281,29,7
5282,28,9
5283,25,4
5284,27,8
5285,44,0
5286,40,5
5287,42,3
5288,42,7
5289,27,4
5290,35,0
5291,35,6
5292,39,6
5293,43,0
5294,40,2
5295,22,9
5296,35,1
5297,18,4
5298,44,2
5299,21,3
5300,18,5
5301,53,7
5302,32,3
5303,39,1
5304,60,4
5305,39,3
5306,23,4
5307,50,0
5308,29,6
5309,32,3
5310,58,3
5311,38,2
5312,49,8
5313,42,3
5314,43,3
5315,31,2
5316,43,0
5317,34,3
5318,41,9
5319,18,5
5320,43,2
5321,35,3
5322,44,1
5323,27,5
5324,27,2
5325,31,2
5326,50,3
5327,49,0
5328,39,4
5329,42,1
5330,22,2
5331,37,7
5332,33,4
5333,18,6
5334,18,9
5335,33,5
5336,45,1
5337,32,5
5338,41,4
5339,35,1
5340,48,4
5341,40,4
5342,19,2
5343,22,1
5344,21,6
5345,54,6
5346,32,6
5347,45,5
5348,41,5
5349,28,4
5350,26,5
5351,23,6
5352,31,3
5353,37,1
5354,31,0
5355,38,2
5356,46,7
5357,45,9
5358,26,0
5359,46,1
5360,30,5
5361,33,1
5362,47,8
5363,60,6
5364,20,9
5365,28,2
5366,25,4
5367,40,3
5368,50,3
5369,32,6
5370,40,1
5371,28,1
5372,41,1
5373,27,1
5374,26,1
5375,35,0
5376,33,5
5377,41,5
5378,24,3
5379,46,8
5380,18,1
5381,36,1
5382,26,0
5383,45,5
5384,34,1
5385,60,9
5386,42,4
5387,30,4
5388,31,1
5389,49,5
5390,39,7
5391,36,8
5392,37,2
5393,50,9
5394,32,3
5395,36,7
5396,37,2
5397,34,6
5398,33,6
5399,47,4
5400,25,1
5401,22,5
5402,34,7
5403,35,3
5404,60,2
5405,36,0
5406,25,5
5407,25,4
5408,36,1
5409,27,0
5410,18,3
5411,44,3
5412,18,6
5413,39,4
5414,31,8
5415,51,0
5416,30,5
5417,42,4
5418,36,4
5419,43,4
5420,39,4
5421,34,9
5422,34,6
5423,19,4
5424,28,6
5425,29,8
5426,36,9
5427,29,7
5428,27,3
5429,31,1
5430,35,9
5431,25,9
5432,38,2
5433,32,8
5434,20,6
5435,18,2
5436,22,3
5437,41,2
5438,23,1
5439,32,3
5440,21,3
5441,34,0
5442,24,1
5443,42,3
5444,52,6
5445,42,3
5446,31,3
5447,26,1
5448,37,6
5449,23,4
5450,33,5
5451,26,0
5452,36,6
5453,37,2
5454,30,0
5455,33,1
5456,46,3
5457,50,9
5458,23,8
5459,39,1
5460,38,1
5461,25,4
5462,38,6
5463,33,4
5464,48,2
5465,31,4
5466,25,8
5467,34,7
5468,31,6
5469,22,3
5470,22,0
5471,48,5
5472,32,4
5473,45,4
5474,45,6
5475,24,0
5476,43,6
5477,18,5
5478,41,0
5479,33,5
5480,44,9
5481,45,8
5482,34,6
5483,43,6
5484,30,9
5485,37,4
5486,30,4
5487,18,4
5488,41,0
5489,31,1
5490,38,7
5491,40,8
5492,42,7
5493,38,2
5494,29,4
5495,20,7
5496,30,7
5497,54,6
5498,36,9
5499,27,0
5500,19,9
5501,39,7
5502,18,5
5503,21,5
5504,35,0
5505,30,9
5506,26,1
5507,38,6
5508,34,3
5509,51,1
5510,20,4
5511,25,4
5512,37,2
5513,19,7
5514,31,6
5515,38,9
5516,46,8
5517,27,2
5518,22,2
5519,46,1
5520,43,3
5521,32,8
5522,29,0
5523,30,9
5524,29,3
5525,35,3
5526,34,2
5527,39,9
5528,23,6
5529,52,7
5530,18,3
5531,37,4
5532,44,1
5533,46,7
5534,35,4
5535,38,4
5536,42,9
5537,45,4
5538,29,5
5539,36,7
5540,53,6
5541,40,4
5542,33,9
5543,41,8
5544,26,3
5545,32,7
5546,39,4
5547,18,4
5548,46,7
5549,37,7
5550,36,7
5551,46,4
5552,33,2
5553,29,4
5554,37,4
5555,39,5
5556,37,9
5557,39,3
5558,30,7
5559,46,4
5560,48,3
5561,60,7
5562,18,0
5563,20,4
5564,40,9
5565,38,2
5566,26,9
5567,27,2
5568,27,9
5569,39,4
5570,31,1
5571,45,7
5572,32,0
5573,47,4
5574,38,4
5575,60,0
5576,40,3
5577,31,0
5578,34,7
5579,18,7
5580,24,3
5581,23,0
5582,40,4
5583,43,3
5584,40,4
5585,37,1
5586,23,1
5587,32,2
5588,18,5
5589,31,7
5590,21,3
5591,34,4
5592,28,2
5593,27,4
5594,34,7
5595,34,8
5596,33,3
5597,56,1
5598,39,3
5599,18,3
5600,24,6
5601,30,4
5602,47,5
5603,46,0
5604,47,5
5605,30,1
5606,27,0
5607,20,3
5608,40,1
5609,32,3
5610,30,0
5611,23,2
5612,30,2
5613,43,4
5614,19,0
5615,43,1
5616,21,1
5617,28,6
5618,18,3
5619,37,2
5620,41,4
5621,18,2
5622,50,7
5623,43,9
5624,31,3
5625,28,4
5626,24,0
5627,40,2
5628,33,1
5629,51,4
5630,21,6
5631,33,8
5632,30,7
5633,21,4
5634,28,7
5635,21,1
5636,20,0
5637,36,7
5638,18,6
5639,18,4
5640,30,4
5641,37,9
5642,43,3
5643,53,4
5644,34,1
5645,33,1
5646,25,2
5647,54,6
5648,36,9
5649,32,0
5650,39,4
5651,39,4
5652,21,0
5653,31,2
5654,30,9
5655,45,1
5656,30,6
5657,27,2
5658,38,8
5659,20,5
5660,47,8
5661,28,1
5662,30,6
5663,18,8
5664,38,4
5665,52,3
5666,38,8
5667,33,8
5668,43,1
5669,29,0
5670,34,4
5671,40,6
5672,46,7
5673,30,7
5674,33,3
5675,42,2
5676,42,3
5677,45,7
5678,44,5
5679,37,5
5680,47,8
5681,18,9
5682,58,7
5683,43,5
5684,29,8
5685,18,7
5686,30,0
5687,51,6
5688,45,3
5689,18,7
5690,42,3
5691,47,3
5692,52,9
5693,59,3
5694,18,3
5695,35,7
5696,18,3
5697,38,0
5698,28,9
5699,39,1
5700,38,9
5701,46,4
5702,21,7
5703,34,2
5704,40,5
5705,45,1
5706,47,0
5707,37,2
5708,36,6
5709,40,1
5710,33,1
5711,28,5
5712,18,9
5713,40,7
5714,27,0
5715,28,2
5716,36,7
5717,30,2
5718,57,7
5719,37,5
5720,34,9
5721,31,4
5722,32,2
5723,28,4
5724,52,2
5725,27,3
5726,54,7
5727,32,3
5728,27,7
5729,34,5
5730,41,7
5731,39,5
5732,31,3
5733,35,4
5734,52,8
5735,37,4
5736,27,3
5737,35,9
5738,32,4
5739,38,5
5740,39,4
5741,29,4
5742,43,5
5743,35,6
5744,46,7
5745,18,0
5746,49,1
5747,58,9
5748,28,4
5749,18,5
5750,41,3
5751,37,2
5752,25,1
5753,20,7
5754,58,1
5755,45,3
5756,32,0
5757,38,6
5758,30,1
5759,35,5
5760,23,6
5761,37,3
5762,18,5
5763,47,4
5764,38,9
5765,18,7
5766,42,1
5767,39,0
5768,32,4
5769,46,6
5770,33,2
5771,32,4
5772,43,1
5773,35,6
5774,35,8
5775,28,4
5776,20,5
5777,26,3
5778,54,1
5779,19,9
5780,34,1
5781,40,8
5782,37,6
5783,31,3
5784,27,8
5785,39,2
5786,21,8
5787,36,3
5788,50,4
5789,31,1
5790,43,0
5791,42,3
5792,47,2
5793,21,3
5794,48,3
5795,32,4
5796,37,5
5797,42,3
5798,34,7
5799,59,4
5800,35,5
5801,35,5
5802,32,7
5803,35,0
5804,45,3
5805,23,2
5806,30,0
5807,35,4
5808,33,2
5809,60,6
5810,22,6
5811,34,1
5812,32,4
5813,25,9
5814,41,4
5815,38,1
5816,25,9
5817,33,3
5818,42,6
5819,49,7
5820,42,7
5821,37,3
5822,36,1
5823,38,4
5824,25,8
5825,37,5
5826,34,6
5827,39,5
5828,29,7
5829,42,2
5830,41,7
5831,22,9
5832,34,2
5833,40,4
5834,33,0
5835,46,5
5836,27,3
5837,37,6
5838,34,2
5839,33,3
5840,32,3
5841,33,8
5842,39,2
5843,28,4
5844,37,9
5845,22,5
5846,35,0
5847,43,5
5848,24,8
5849,34,8
5850,47,7
5851,27,7
5852,26,5
5853,36,6
5854,32,1
5855,47,1
5856,38,3
5857,23,3
5858,18,1
5859,44,8
5860,30,3
5861,56,4
5862,18,2
5863,25,9
5864,19,2
5865,33,1
5866,41,3
5867,39,7
5868,23,7
5869,40,2
5870,29,2
5871,24,5
5872,26,7
5873,30,8
5874,23,4
5875,33,8
5876,21,3
5877,24,2
5878,39,5
5879,30,1
5880,40,7
5881,31,7
5882,32,9
5883,54,9
5884,43,1
5885,47,5
5886,43,7
5887,23,3
5888,52,9
5889,46,5
5890,45,1
5891,44,2
5892,44,8
5893,45,2
5894,26,6
5895,51,2
5896,46,7
5897,33,2
5898,34,8
5899,56,6
5900,32,7
5901,36,0
5902,39,3
5903,37,2
5904,30,4
5905,36,8
5906,53,7
5907,25,2
5908,27,7
5909,33,6
5910,49,5
5911,39,3
5912,46,7
5913,37,6
5914,32,2
5915,40,9
5916,38,5
5917,38,5
5918,29,4
5919,24,2
5920,18,7
5921,39,5
5922,18,5
5923,38,8
5924,47,9
5925,39,1
5926,41,9
5927,33,5
5928,20,8
5929,32,1
5930,60,9
5931,47,8
5932,60,9
5933,28,1
5934,40,3
5935,54,9
5936,21,5
5937,31,7
5938,23,4
5939,30,5
5940,33,5
5941,45,0
5942,38,7
5943,28,0
5944,23,6
5945,18,8
5946,38,7
5947,32,4
5948,27,2
5949,22,0
5950,18,0
5951,48,6
5952,31,9
5953,18,2
5954,32,1
5955,22,4
5956,50,9
5957,42,8
5958,36,7
5959,20,0
5960,33,8
5961,35,3
5962,39,4
5963,35,0
5964,31,1
5965,25,9
5966,30,8
5967,30,9
5968,48,6
5969,28,9
5970,44,3
5971,38,8
5972,38,3
5973,37,2
5974,38,9
5975,27,5
5976,26,4
5977,20,0
5978,33,3
5979,30,6
5980,22,1
5981,43,0
5982,35,9
5983,36,6
5984,41,5
5985,39,5
5986,49,9
5987,18,4
5988,22,1
5989,34,2
5990,48,2
5991,34,5
5992,26,3
5993,39,4
5994,35,9
5995,36,4
5996,29,6
5997,57,4
5998,27,4
5999,21,5
6000,34,1
6001,42,7
6002,33,2
6003,41,3
6004,41,7
6005,58,8
6006,33,5
6007,46,4
6008,33,8
6009,38,8
6010,41,0
6011,32,6
6012,33,5
6013,41,8
6014,40,0
6015,26,7
6016,38,7
6017,35,4
6018,41,5
6019,48,4
6020,18,8
6021,30,1
6022,27,4
6023,36,9
6024,27,3
6025,34,0
6026,24,1
6027,23,3
6028,29,6
6029,37,7
6030,53,8
6031,45,4
6032,26,4
6033,45,5
6034,22,7
6035,20,7
6036,18,0
6037,29,0
6038,43,8
6039,31,9
6040,25,2
6041,36,2
6042,52,9
6043,38,9
6044,42,3
6045,43,9
6046,56,2
6047,20,3
6048,41,0
6049,35,4
6050,20,0
6051,38,0
6052,52,0
6053,60,6
6054,43,7
6055,39,9
6056,33,3
6057,23,3
6058,32,6
6059,34,4
6060,45,5
6061,37,2
6062,43,6
6063,33,5
6064,24,4
6065,35,4
6066,25,9
6067,20,3
6068,34,2
6069,34,0
6070,56,0
6071,39,3
6072,43,8
6073,20,8
6074,29,3
6075,22,2
6076,33,8
6077,18,5
6078,43,8
6079,40,2
6080,19,4
6081,39,0
6082,38,4
6083,18,8
6084,55,0
6085,43,3
6086,22,8
6087,52,1
6088,18,0
6089,32,3
6090,27,3
6091,49,1
6092,37,2
6093,39,8
6094,29,9
6095,18,6
6096,30,6
6097,50,3
6098,41,4
6099,40,9
6100,18,9
6101,19,5
6102,41,1
6103,55,2
6104,34,9
6105,18,2
6106,35,7
6107,41,4
6108,37,9
6109,45,3
6110,46,7
6111,18,6
6112,28,4
6113,54,7
6114,26,0
6115,30,3
6116,49,4
6117,41,4
6118,26,9
6119,30,5
6120,33,5
6121,26,4
6122,27,4
6123,41,4
6124,35,2
6125,28,5
6126,25,7
6127,60,7
6128,60,0
6129,37,4
6130,19,8
6131,29,9
6132,46,4
6133,45,7
6134,23,4
6135,48,2
6136,33,8
6137,27,5
6138,44,7
6139,31,0
6140,32,4
6141,35,1
6142,38,5
6143,28,5
6144,35,7
6145,33,4
6146,39,3
6147,45,6
6148,49,1
6149,25,7
6150,26,1
6151,43,7
6152,28,2
6153,50,8
6154,28,2
6155,28,4
6156,18,0
6157,37,5
6158,41,1
6159,47,7
6160,18,4
6161,49,3
6162,35,8
6163,50,0
6164,29,9
6165,25,7
6166,49,4
6167,28,3
6168,25,1
6169,28,1
6170,47,3
6171,25,1
6172,37,7
6173,35,4
6174,38,8
6175,59,9
6176,42,9
6177,36,6
6178,48,9
6179,37,3
6180,37,4
6181,29,0
6182,40,0
6183,18,9
6184,36,1
6185,31,4
6186,38,3
6187,35,4
6188,38,2
6189,35,5
6190,18,6
6191,40,8
6192,18,4
6193,45,2
6194,50,7
6195,34,6
6196,52,1
6197,26,3
6198,35,0
6199,23,9
6200,32,6
6201,27,7
6202,40,5
6203,43,3
6204,32,3
6205,43,8
6206,27,7
6207,29,3
6208,42,7
6209,33,4
6210,43,4
6211,32,3
6212,31,1
6213,43,3
6214,39,5
6215,43,5
6216,38,7
6217,18,4
6218,37,0
6219,36,6
6220,35,8
6221,46,4
6222,43,0
6223,52,5
6224,32,4
6225,33,5
6226,34,5
6227,43,0
6228,18,4
6229,33,9
6230,45,8
6231,30,4
6232,41,4
6233,38,8
6234,36,9
6235,49,9
6236,32,4
6237,18,9
6238,39,5
6239,33,1
6240,20,2
6241,39,3
6242,32,7
6243,22,5
6244,43,4
6245,41,0
6246,36,5
6247,39,7
6248,23,2
6249,32,0
6250,32,2
6251,36,2
6252,41,5
6253,32,8
6254,30,8
6255,34,6
6256,34,0
6257,18,7
6258,43,6
6259,41,5
6260,25,4
6261,29,5
6262,28,2
6263,31,9
6264,33,4
6265,48,1
6266,50,3
6267,28,1
6268,32,3
6269,23,8
6270,36,4
6271,44,4
6272,46,3
6273,36,8
6274,31,8
6275,32,3
6276,22,0
6277,38,3
6278,40,6
6279,38,7
6280,21,8
6281,21,5
6282,52,3
6283,44,3
6284,32,6
6285,18,0
6286,42,4
6287,41,0
6288,31,0
6289,25,4
6290,32,5
6291,28,1
6292,29,8
6293,40,1
6294,33,8
6295,29,4
6296,23,7
6297,38,4
6298,21,2
6299,38,7
6300,50,9
6301,35,4
6302,34,3
6303,23,5
6304,48,8
6305,18,9
6306,38,5
6307,31,5
6308,24,0
6309,18,2
6310,18,3
6311,45,4
6312,36,3
6313,18,8
6314,40,3
6315,42,9
6316,45,0
6317,29,9
6318,31,2
6319,23,4
6320,49,4
6321,22,0
6322,35,1
6323,54,7
6324,27,7
6325,34,1
6326,26,8
6327,40,4
6328,20,5
6329,41,2
6330,34,3
6331,26,7
6332,28,0
6333,39,0
6334,34,6
6335,26,7
6336,38,0
6337,26,4
6338,45,3
6339,36,3
6340,36,5
6341,46,4
6342,47,6
6343,33,5
6344,44,7
6345,57,1
6346,38,3
6347,43,1
6348,33,1
6349,33,7
6350,30,9
6351,20,6
6352,21,3
6353,29,8
6354,31,8
6355,18,3
6356,52,5
6357,36,2
6358,40,8
6359,38,0
6360,26,2
6361,39,9
6362,33,9
6363,49,4
6364,20,7
6365,45,0
6366,33,4
6367,31,9
6368,34,8
6369,39,5
6370,27,1
6371,48,1
6372,29,8
6373,36,4
6374,29,8
6375,28,5
6376,55,2
6377,32,1
6378,32,9
6379,37,9
6380,26,0
6381,18,3
6382,34,0
6383,32,0
6384,31,0
6385,45,9
6386,45,6
6387,54,8
6388,34,3
6389,53,3
6390,57,4
6391,50,0
6392,36,1
6393,37,8
6394,37,1
6395,19,7
6396,24,9
6397,36,7
6398,32,1
6399,19,2
6400,24,5
6401,36,1
6402,25,4
6403,19,3
6404,44,5
6405,18,1
6406,35,9
6407,32,5
6408,43,0
6409,31,2
6410,46,9
6411,18,0
6412,45,9
6413,40,9
6414,29,8
6415,18,3
6416,46,2
6417,20,9
6418,42,7
6419,39,6
6420,42,9
6421,41,3
6422,31,4
6423,46,8
6424,33,0
6425,43,6
6426,39,2
6427,39,2
6428,20,2
6429,32,7
6430,29,4
6431,33,4
6432,21,5
6433,26,9
6434,40,1
6435,43,0
6436,25,0
6437,36,5
6438,46,9
6439,35,4
6440,24,8
6441,36,7
6442,57,9
6443,44,7
6444,39,1
6445,35,1
6446,38,2
6447,28,4
6448,36,0
6449,29,1
6450,52,1
6451,39,0
6452,49,1
6453,32,4
6454,20,7
6455,36,8
6456,42,7
6457,36,7
6458,26,1
6459,39,5
6460,38,4
6461,54,7
6462,32,9
6463,42,0
6464,19,0
6465,45,8
6466,18,2
6467,18,0
6468,38,4
6469,27,2
6470,32,9
6471,45,9
6472,32,6
6473,35,4
6474,32,9
6475,39,3
6476,24,7
6477,26,8
6478,48,6
6479,30,2
6480,42,4
6481,22,7
6482,47,7
6483,44,1
6484,35,5
6485,40,0
6486,25,6
6487,44,8
6488,30,2
6489,50,9
6490,37,7
6491,35,4
6492,19,6
6493,40,8
6494,35,6
6495,38,9
6496,32,4
6497,33,7
6498,40,3
6499,47,5
6500,28,7
6501,34,9
6502,28,3
6503,18,3
6504,29,5
6505,41,5
6506,28,4
6507,30,5
6508,18,4
6509,50,4
6510,43,0
6511,32,1
6512,26,1
6513,29,3
6514,39,9
6515,38,2
6516,36,2
6517,33,4
6518,50,0
6519,28,8
6520,44,3
6521,50,4
6522,35,1
6523,40,3
6524,45,2
6525,36,2
6526,41,9
6527,30,8
6528,44,1
6529,46,5
6530,31,9
6531,31,0
6532,40,4
6533,45,4
6534,40,3
6535,32,0
6536,36,7
6537,31,0
6538,35,1
6539,28,7
6540,47,0
6541,28,8
6542,37,8
6543,18,6
6544,48,8
6545,39,3
6546,49,7
6547,26,2
6548,18,0
6549,47,4
6550,38,3
6551,25,1
6552,30,6
6553,22,0
6554,36,0
6555,37,0
6556,32,7
6557,28,2
6558,37,2
6559,52,1
6560,25,5
6561,38,1
6562,33,7
6563,28,4
6564,35,8
6565,27,7
6566,47,3
6567,18,6
6568,29,1
6569,47,4
6570,33,2
6571,31,7
6572,48,6
6573,34,1
6574,18,4
6575,48,0
6576,26,1
6577,28,3
6578,26,5
6579,43,9
6580,39,0
6581,48,9
6582,29,7
6583,27,0
6584,44,9
6585,34,6
6586,27,7
6587,46,2
6588,29,4
6589,36,7
6590,35,5
6591,46,3
6592,31,1
6593,37,0
6594,20,9
6595,28,3
6596,41,2
6597,39,4
6598,37,1
6599,29,9
6600,25,4
6601,19,1
6602,38,3
6603,49,0
6604,36,3
6605,31,9
6606,18,5
6607,33,1
6608,24,9
6609,26,7
6610,22,3
6611,44,2
6612,26,5
6613,33,1
6614,26,8
6615,51,7
6616,29,7
6617,18,1
6618,30,9
6619,24,7
6620,44,5
6621,32,6
6622,35,8
6623,31,7
6624,18,4
6625,39,8
6626,43,9
6627,40,1
6628,36,8
6629,30,7
6630,34,6
6631,28,3
6632,32,8
6633,21,6
6634,25,7
6635,35,4
6636,57,8
6637,28,1
6638,36,4
6639,27,7
6640,30,3
6641,18,6
6642,47,4
6643,33,4
6644,34,6
6645,40,3
6646,25,9
6647,34,3
6648,27,3
6649,33,4
6650,34,4
6651,18,8
6652,38,9
6653,43,3
6654,24,0
6655,18,4
6656,42,4
6657,19,3
6658,32,1
6659,32,4
6660,20,6
6661,41,8
6662,20,3
6663,28,4
6664,19,5
6665,44,4
6666,21,6
6667,43,7
6668,24,2
6669,18,8
6670,46,8
6671,49,8
6672,28,4
6673,36,8
6674,53,3
6675,39,2
6676,41,3
6677,47,4
6678,42,7
6679,33,3
6680,45,9
6681,32,8
6682,18,4
6683,49,3
6684,30,7
6685,24,3
6686,26,4
6687,25,3
6688,30,0
6689,34,5
6690,32,4
6691,54,4
6692,44,7
6693,29,0
6694,37,0
6695,28,7
6696,43,5
6697,38,3
6698,28,7
6699,32,4
6700,31,4
6701,27,5
6702,34,4
6703,28,9
6704,35,8
6705,26,8
6706,46,8
6707,40,2
6708,32,9
6709,29,8
6710,30,3
6711,22,8
6712,31,7
6713,25,4
6714,23,7
6715,42,2
6716,31,0
6717,46,6
6718,39,2
6719,27,3
6720,32,4
6721,53,8
6722,47,7
6723,46,1
6724,33,7
6725,49,1
6726,18,4
6727,26,2
6728,40,0
6729,39,8
6730,23,7
6731,39,7
6732,30,3
6733,44,6
6734,41,4
6735,45,3
6736,33,3
6737,22,4
6738,32,0
6739,33,7
6740,46,9
6741,22,3
6742,37,5
6743,38,1
6744,28,2
6745,44,8
6746,33,5
6747,18,7
6748,24,5
6749,52,7
6750,19,4
6751,42,6
6752,24,5
6753,31,8
6754,48,9
6755,37,9
6756,50,9
6757,47,7
6758,33,4
6759,59,1
6760,23,4
6761,43,9
6762,34,8
6763,18,9
6764,33,8
6765,32,5
6766,34,0
6767,28,6
6768,32,5
6769,30,2
6770,45,8
6771,49,9
6772,51,0
6773,18,1
6774,23,6
6775,22,6
6776,43,1
6777,20,0
6778,26,9
6779,34,1
6780,42,7
6781,38,0
6782,40,6
6783,50,9
6784,22,9
6785,20,9
6786,27,0
6787,22,8
6788,45,0
6789,36,8
6790,36,1
6791,30,1
6792,40,6
6793,29,2
6794,42,5
6795,34,7
6796,44,9
6797,38,3
6798,34,1
6799,44,6
6800,32,1
6801,21,4
6802,29,6
6803,26,9
6804,31,6
6805,39,4
6806,41,7
6807,39,5
6808,27,1
6809,33,0
6810,32,4
6811,29,3
6812,38,3
6813,20,2
6814,18,6
6815,18,4
6816,23,3
6817,28,3
6818,29,0
6819,44,4
6820,35,7
6821,32,5
6822,28,4
6823,28,8
6824,18,2
6825,27,4
6826,34,6
6827,27,6
6828,38,4
6829,45,7
6830,37,7
6831,22,4
6832,27,5
6833,44,1
6834,28,4
6835,34,3
6836,36,2
6837,38,2
6838,32,7
6839,39,7
6840,43,1
6841,18,9
6842,32,2
6843,31,4
6844,22,9
6845,38,2
6846,45,8
6847,30,2
6848,40,3
6849,41,7
6850,26,9
6851,55,0
6852,45,5
6853,37,4
6854,18,6
6855,46,8
6856,36,9
6857,42,5
6858,42,3
6859,20,8
6860,30,6
6861,39,5
6862,42,0
6863,25,4
6864,33,7
6865,45,4
6866,18,4
6867,19,4
6868,46,2
6869,18,4
6870,46,8
6871,29,2
6872,33,0
6873,51,0
6874,24,6
6875,31,2
6876,46,5
6877,31,3
6878,26,1
6879,26,0
6880,47,4
6881,20,6
6882,39,4
6883,34,4
6884,36,3
6885,26,7
6886,33,9
6887,26,2
6888,34,1
6889,28,7
6890,32,1
6891,18,5
6892,29,7
6893,41,2
6894,37,4
6895,31,6
6896,46,9
6897,30,0
6898,22,4
6899,49,4
6900,33,7
6901,26,1
6902,25,2
6903,39,3
6904,56,1
6905,48,8
6906,18,2
6907,38,0
6908,39,1
6909,33,1
6910,25,0
6911,42,0
6912,26,9
6913,29,4
6914,28,3
6915,24,8
6916,33,5
6917,36,6
6918,41,4
6919,39,4
6920,50,1
6921,37,1
6922,38,9
6923,37,0
6924,37,9
6925,18,4
6926,40,3
6927,41,1
6928,18,8
6929,42,7
6930,43,8
6931,38,0
6932,39,4
6933,43,9
6934,27,4
6935,34,9
6936,43,7
6937,34,8
6938,30,5
6939,35,4
6940,32,3
6941,35,8
6942,50,2
6943,18,7
6944,33,1
6945,20,6
6946,44,0
6947,25,8
6948,22,4
6949,28,1
6950,38,6
6951,21,3
6952,54,7
6953,43,7
6954,29,0
6955,41,6
6956,20,5
6957,28,8
6958,20,0
6959,58,8
6960,32,5
6961,33,4
6962,34,4
6963,32,6
6964,35,4
6965,22,5
6966,47,9
6967,39,6
6968,29,2
6969,18,3
6970,47,4
6971,18,4
6972,50,0
6973,41,3
6974,32,3
6975,35,4
6976,39,3
6977,41,9
6978,60,0
6979,46,5
6980,37,3
6981,43,3
6982,26,5
6983,27,8
6984,39,7
6985,31,6
6986,35,0
6987,26,5
6988,46,1
6989,26,7
6990,43,6
6991,24,7
6992,36,5
6993,40,4
6994,56,9
6995,44,0
6996,47,2
6997,36,4
6998,45,3
6999,23,4
7000,30,7
7001,53,4
7002,29,4
7003,36,6
7004,35,9
7005,47,5
7006,18,9
7007,27,5
7008,44,3
7009,42,9
7010,31,8
7011,52,8
7012,43,3
7013,44,0
7014,29,2
7015,47,2
7016,18,3
7017,38,6
7018,23,1
7019,36,2
7020,42,8
7021,57,3
7022,24,3
7023,34,7
7024,57,2
7025,42,9
7026,48,5
7027,38,0
7028,18,4
7029,41,8
7030,50,5
7031,43,3
7032,19,3
7033,45,6
7034,55,1
7035,37,6
7036,46,9
7037,19,0
7038,40,2
7039,24,5
7040,44,2
7041,34,4
7042,32,9
7043,19,6
7044,31,8
7045,44,6
7046,49,4
7047,30,9
7048,32,3
7049,44,9
7050,32,4
7051,18,1
7052,38,8
7053,38,0
7054,21,1
7055,20,8
7056,35,6
7057,43,0
7058,60,3
7059,21,4
7060,52,1
7061,49,7
7062,43,0
7063,47,6
7064,30,5
7065,34,3
7066,40,0
7067,29,2
7068,34,5
7069,44,7
7070,29,4
7071,29,5
7072,33,8
7073,43,0
7074,35,4
7075,55,1
7076,40,1
7077,28,0
7078,28,5
7079,39,8
7080,24,1
7081,26,7
7082,25,3
7083,46,7
7084,32,4
7085,31,8
7086,35,4
7087,37,0
7088,33,8
7089,19,2
7090,59,9
7091,46,3
7092,32,7
7093,31,4
7094,39,1
7095,24,0
7096,48,9
7097,40,1
7098,21,4
7099,43,4
7100,26,4
7101,31,9
7102,28,0
7103,45,3
7104,38,2
7105,45,2
7106,39,6
7107,30,0
7108,38,9
7109,34,3
7110,48,3
7111,34,9
7112,30,5
7113,38,9
7114,26,7
7115,29,4
7116,18,5
7117,30,2
7118,30,4
7119,33,3
7120,32,4
7121,40,1
7122,36,1
7123,45,0
7124,34,0
7125,31,2
7126,48,4
7127,33,1
7128,41,9
7129,32,4
7130,20,4
7131,18,1
7132,33,5
7133,42,1
7134,34,1
7135,18,6
7136,35,3
7137,27,1
7138,46,3
7139,26,6
7140,38,5
7141,44,5
7142,25,9
7143,36,0
7144,39,9
7145,37,3
7146,54,0
7147,19,0
7148,36,2
7149,26,8
7150,45,0
7151,29,4
7152,48,3
7153,30,4
7154,33,3
7155,37,5
7156,31,6
7157,44,3
7158,27,7
7159,37,2
7160,26,0
7161,41,4
7162,40,1
7163,32,3
7164,41,4
7165,31,3
7166,29,2
7167,24,1
7168,22,3
7169,44,7
7170,24,3
7171,41,1
7172,24,3
7173,23,7
7174,25,9
7175,30,2
7176,46,1
7177,51,7
7178,30,4
7179,36,0
7180,52,2
7181,44,3
7182,34,5
7183,58,0
7184,48,4
7185,59,9
7186,35,6
7187,40,8
7188,26,3
7189,59,8
7190,18,8
7191,33,7
7192,27,8
7193,36,1
7194,43,3
7195,44,4
7196,28,6
7197,32,4
7198,32,4
7199,46,7
7200,42,4
7201,30,8
7202,18,4
7203,20,8
7204,35,6
7205,24,5
7206,47,7
7207,39,4
7208,31,3
7209,27,5
7210,38,2
7211,18,0
7212,40,9
7213,31,2
7214,18,5
7215,19,3
7216,50,4
7217,18,0
7218,19,4
7219,30,1
7220,41,5
7221,36,9
7222,21,0
7223,48,5
7224,28,3
7225,42,3
7226,43,0
7227,36,1
7228,26,9
7229,38,0
7230,43,4
7231,34,2
7232,26,2
7233,42,8
7234,29,9
7235,51,5
7236,18,5
7237,28,0
7238,37,9
7239,46,4
7240,21,9
7241,18,5
7242,59,3
7243,43,6
7244,44,6
7245,38,5
7246,45,6
7247,39,3
7248,35,0
7249,33,5
7250,44,3
7251,28,6
7252,33,6
7253,44,6
7254,36,0
7255,25,3
7256,55,3
7257,26,3
7258,25,1
7259,35,1
7260,25,6
7261,32,4
7262,37,4
7263,36,4
7264,28,4
7265,23,1
7266,38,0
7267,35,0
7268,53,4
7269,28,9
7270,24,3
7271,31,1
7272,25,5
7273,29,3
7274,19,4
7275,43,7
7276,23,6
7277,18,1
7278,50,6
7279,21,6
7280,37,4
7281,50,9
7282,45,7
7283,18,5
7284,30,8
7285,18,8
7286,31,4
7287,29,9
7288,44,2
7289,18,6
7290,34,9
7291,46,3
7292,35,0
7293,26,4
7294,28,4
7295,28,7
7296,34,8
7297,45,8
7298,47,7
7299,43,0
7300,31,6
7301,25,4
7302,32,7
7303,29,9
7304,38,5
7305,46,8
7306,34,4
7307,49,7
7308,47,5
7309,19,3
7310,35,6
7311,29,1
7312,18,4
7313,45,5
7314,22,1
7315,31,6
7316,32,4
7317,43,6
7318,26,6
7319,47,4
7320,37,2
7321,26,1
7322,48,2
7323,26,4
7324,18,8
7325,18,7
7326,55,1
7327,36,9
7328,48,7
7329,37,2
7330,18,1
7331,29,8
7332,35,3
7333,49,7
7334,38,9
7335,38,0
7336,21,2
7337,44,4
7338,49,0
7339,38,8
7340,36,3
7341,27,0
7342,23,8
7343,32,8
7344,47,6
7345,23,3
7346,34,5
7347,26,7
7348,35,4
7349,32,6
7350,25,0
7351,40,9
7352,18,3
7353,43,2
7354,41,7
7355,46,3
7356,45,6
7357,27,6
7358,28,7
7359,43,0
7360,31,0
7361,46,5
7362,21,9
7363,52,3
7364,36,6
7365,30,0
7366,40,5
7367,29,1
7368,32,1
7369,42,6
7370,37,6
7371,30,0
7372,33,4
7373,22,6
7374,37,5
7375,30,0
7376,34,0
7377,25,7
7378,27,5
7379,29,4
7380,27,2
7381,47,3
7382,31,9
7383,20,8
7384,46,4
7385,24,8
7386,36,7
7387,31,2
7388,50,9
7389,31,1
7390,31,4
7391,39,4
7392,34,1
7393,30,6
7394,47,3
7395,21,9
7396,43,4
7397,33,0
7398,57,0
7399,34,0
7400,50,8
7401,33,4
7402,25,3
7403,32,3
7404,31,0
7405,29,6
7406,44,4
7407,39,4
7408,25,5
7409,42,4
7410,36,8
7411,38,5
7412,30,6
7413,20,6
7414,22,8
7415,21,7
7416,21,2
7417,32,4
7418,37,9
7419,24,8
7420,48,0
7421,40,0
7422,29,4
7423,41,3
7424,31,2
7425,29,4
7426,26,9
7427,33,4
7428,38,4
7429,45,4
7430,34,4
7431,37,0
7432,18,8
7433,40,6
7434,39,0
7435,31,1
7436,39,2
7437,60,0
7438,33,2
7439,18,8
7440,18,1
7441,41,5
7442,44,9
7443,22,1
7444,26,9
7445,38,3
7446,18,6
7447,47,8
7448,55,4
7449,40,9
7450,20,7
7451,29,3
7452,49,9
7453,40,2
7454,34,4
7455,40,7
7456,41,2
7457,38,0
7458,48,5
7459,54,2
7460,34,1
7461,20,5
7462,47,2
7463,57,9
7464,38,3
7465,27,7
7466,45,1
7467,22,6
7468,33,3
7469,38,3
7470,27,0
7471,51,0
7472,54,6
7473,35,2
7474,18,1
7475,19,0
7476,27,6
7477,28,3
7478,44,4
7479,37,7
7480,34,5
7481,45,4
7482,39,2
7483,37,7
7484,26,2
7485,42,5
7486,31,0
7487,46,0
7488,37,1
7489,36,4
7490,53,7
7491,38,1
7492,31,8
7493,44,5
7494,21,0
7495,42,1
7496,35,5
7497,19,4
7498,26,9
7499,42,1
7500,38,1
7501,18,5
7502,42,4
7503,45,3
7504,41,8
7505,29,5
7506,40,0
7507,32,0
7508,38,9
7509,18,3
7510,45,3
7511,32,9
7512,33,5
7513,47,2
7514,38,2
7515,49,1
7516,39,7
7517,24,8
7518,27,0
7519,30,3
7520,35,8
7521,35,1
7522,29,4
7523,37,3
7524,34,6
7525,48,5
7526,36,5
7527,45,1
7528,41,5
7529,18,6
7530,32,4
7531,58,4
7532,27,3
7533,20,5
7534,25,9
7535,18,7
7536,50,8
7537,29,1
7538,37,3
7539,48,9
7540,20,5
7541,35,0
7542,57,0
7543,18,6
7544,34,2
7545,30,0
7546,18,0
7547,30,8
7548,40,9
7549,41,1
7550,40,2
7551,46,5
7552,34,4
7553,18,2
7554,47,6
7555,50,5
7556,34,8
7557,56,7
7558,18,4
7559,37,4
7560,37,9
7561,31,1
7562,33,2
7563,30,5
7564,22,0
7565,40,5
7566,35,7
7567,45,4
7568,26,5
7569,28,1
7570,44,9
7571,28,8
7572,41,1
7573,44,8
7574,22,1
7575,25,9
7576,36,1
7577,42,4
7578,38,2
7579,37,9
7580,30,5
7581,26,4
7582,41,9
7583,35,5
7584,36,3
7585,32,5
7586,32,9
7587,40,2
7588,31,8
7589,18,2
7590,47,5
7591,30,3
7592,26,6
7593,30,4
7594,26,5
7595,47,2
7596,18,4
7597,29,5
7598,30,4
7599,48,8
7600,38,4
7601,31,8
7602,43,3
7603,22,3
7604,50,8
7605,36,3
7606,47,3
7607,18,3
7608,18,5
7609,48,9
7610,23,6
7611,42,6
7612,26,7
7613,57,8
7614,53,1
7615,39,4
7616,39,7
7617,56,4
7618,35,0
7619,41,8
7620,45,9
7621,37,9
7622,35,8
7623,26,1
7624,20,4
7625,30,2
7626,23,3
7627,47,5
7628,28,0
7629,33,8
7630,41,2
7631,19,2
7632,42,7
7633,20,6
7634,39,8
7635,36,6
7636,39,5
7637,43,2
7638,36,9
7639,42,6
7640,30,4
7641,29,7
7642,30,0
7643,20,9
7644,23,5
7645,36,1
7646,21,7
7647,23,7
7648,21,6
7649,20,4
7650,48,3
7651,34,0
7652,31,6
7653,22,6
7654,31,3
7655,45,3
7656,34,7
7657,42,1
7658,30,3
7659,45,6
7660,41,4
7661,43,0
7662,39,9
7663,39,2
7664,29,5
7665,23,5
7666,54,2
7667,31,3
7668,30,3
7669,41,7
7670,22,9
7671,23,0
7672,30,1
7673,29,3
7674,30,2
7675,43,7
7676,41,3
7677,31,8
7678,37,7
7679,19,4
7680,18,1
7681,41,1
7682,26,4
7683,30,1
7684,32,7
7685,20,7
7686,43,7
7687,35,5
7688,35,7
7689,27,5
7690,28,3
7691,34,2
7692,31,6
7693,41,3
7694,60,3
7695,18,0
7696,32,7
7697,18,5
7698,31,3
7699,30,4
7700,47,5
7701,27,9
7702,47,2
7703,36,5
7704,30,2
7705,47,3
7706,33,7
7707,44,5
7708,38,9
7709,18,3
7710,18,0
7711,34,2
7712,42,4
7713,31,8
7714,47,6
7715,45,6
7716,43,4
7717,35,3
7718,45,2
7719,38,4
7720,24,3
7721,35,0
7722,42,0
7723,33,4
7724,31,8
7725,26,2
7726,36,7
7727,27,4
7728,29,0
7729,18,4
7730,29,4
7731,31,9
7732,42,9
7733,34,9
7734,41,7
7735,40,2
7736,36,5
7737,43,8
7738,37,7
7739,18,3
7740,46,6
7741,38,9
7742,52,1
7743,31,7
7744,18,4
7745,36,2
7746,43,8
7747,46,3
7748,30,3
7749,30,6
7750,28,7
7751,31,9
7752,41,4
7753,46,4
7754,36,2
7755,45,2
7756,39,3
7757,22,6
7758,43,2
7759,28,4
7760,18,4
7761,52,7
7762,34,4
7763,28,5
7764,40,3
7765,27,7
7766,30,1
7767,38,5
7768,46,7
7769,51,3
7770,18,1
7771,42,7
7772,26,0
7773,37,9
7774,34,8
7775,40,6
7776,33,5
7777,18,4
7778,48,5
7779,42,4
7780,18,6
7781,40,7
7782,31,8
7783,29,0
7784,32,2
7785,25,2
7786,20,0
7787,44,4
7788,33,8
7789,37,0
7790,49,8
7791,53,2
7792,37,5
7793,38,8
7794,21,6
7795,35,4
7796,32,6
7797,35,3
7798,28,4
7799,49,2
7800,34,1
7801,35,5
7802,38,1
7803,31,0
7804,36,7
7805,33,0
7806,40,0
7807,22,7
7808,27,3
7809,60,1
7810,49,6
7811,33,8
7812,31,2
7813,40,6
7814,42,8
7815,40,8
7816,28,4
7817,53,5
7818,24,0
7819,48,7
7820,38,1
7821,53,5
7822,30,8
7823,29,9
7824,18,6
7825,32,3
7826,40,4
7827,47,6
7828,25,3
7829,44,9
7830,38,8
7831,33,9
7832,30,5
7833,52,9
7834,33,9
7835,30,4
7836,29,1
7837,24,7
7838,41,7
7839,45,9
7840,21,4
7841,39,6
7842,60,8
7843,21,3
7844,50,5
7845,33,4
7846,33,9
7847,46,0
7848,55,7
7849,53,2
7850,18,3
7851,45,9
7852,37,6
7853,45,4
7854,34,2
7855,24,1
7856,45,0
7857,39,2
7858,42,8
7859,36,4
7860,34,7
7861,37,6
7862,39,2
7863,39,3
7864,45,9
7865,27,3
7866,28,7
7867,42,3
7868,23,7
7869,23,9
7870,19,1
7871,46,4
7872,20,7
7873,52,8
7874,29,8
7875,30,7
7876,27,4
7877,30,1
7878,22,9
7879,32,3
7880,25,9
7881,27,4
7882,20,3
7883,36,7
7884,25,4
7885,37,9
7886,38,6
7887,37,4
7888,42,5
7889,47,0
7890,25,7
7891,38,4
7892,30,1
7893,34,3
7894,34,9
7895,32,5
7896,38,3
7897,31,8
7898,33,4
7899,40,0
7900,24,4
7901,55,4
7902,37,2
7903,21,1
7904,21,9
7905,48,6
7906,38,4
7907,32,5
7908,27,7
7909,27,9
7910,34,4
7911,33,4
7912,35,8
7913,28,4
7914,35,4
7915,30,6
7916,43,1
7917,36,8
7918,31,6
7919,21,4
7920,36,3
7921,46,0
7922,26,6
7923,47,0
7924,45,9
7925,33,0
7926,53,6
7927,38,3
7928,26,3
7929,31,2
7930,24,6
7931,22,5
7932,40,8
7933,37,1
7934,24,8
7935,33,4
7936,21,9
7937,33,7
7938,33,0
7939,53,6
7940,33,9
7941,55,8
7942,38,3
7943,36,8
7944,37,5
7945,24,7
7946,37,0
7947,24,5
7948,35,2
7949,33,6
7950,38,8
7951,41,5
7952,34,4
7953,29,1
7954,46,8
7955,28,2
7956,42,1
7957,40,4
7958,35,0
7959,39,1
7960,52,3
7961,37,8
7962,36,4
7963,36,1
7964,27,4
7965,20,0
7966,47,2
7967,37,6
7968,49,4
7969,18,6
7970,43,9
7971,32,0
7972,25,4
7973,27,8
7974,39,0
7975,37,8
7976,44,4
7977,53,5
7978,29,1
7979,45,1
7980,40,5
7981,40,7
7982,40,7
7983,39,4
7984,34,1
7985,18,8
7986,34,8
7987,34,9
7988,33,1
7989,42,3
7990,20,9
7991,48,2
7992,34,2
7993,28,8
7994,20,8
7995,36,0
7996,24,6
7997,36,3
7998,24,3
7999,31,8
8000,39,0
8001,31,4
8002,51,8
8003,38,8
8004,24,9
8005,40,4
8006,44,9
8007,41,7
8008,57,7
8009,34,3
8010,33,1
8011,58,7
8012,40,0
8013,32,7
8014,24,7
8015,30,7
8016,46,2
8017,21,4
8018,18,0
8019,31,5
8020,42,4
8021,22,0
8022,36,0
8023,38,8
8024,30,5
8025,31,1
8026,47,0
8027,43,3
8028,46,1
8029,44,4
8030,44,8
8031,24,9
8032,33,7
8033,33,1
8034,48,7
8035,18,7
8036,33,4
8037,32,7
8038,41,6
8039,38,1
8040,23,4
8041,52,8
8042,34,8
8043,45,9
8044,19,1
8045,33,5
8046,36,6
8047,42,0
8048,30,1
8049,22,0
8050,43,8
8051,43,2
8052,32,1
8053,23,2
8054,46,7
8055,42,0
8056,18,9
8057,35,7
8058,18,7
8059,22,8
8060,36,1
8061,34,8
8062,18,9
8063,50,1
8064,38,6
8065,18,3
8066,31,5
8067,40,3
8068,38,4
8069,41,1
8070,40,4
8071,41,2
8072,35,2
8073,30,9
8074,22,4
8075,42,4
8076,49,0
8077,56,9
8078,34,2
8079,33,2
8080,39,0
8081,34,0
8082,38,4
8083,41,4
8084,30,6
8085,19,6
8086,26,9
8087,21,7
8088,31,7
8089,27,8
8090,33,9
8091,32,1
8092,33,6
8093,27,3
8094,42,0
8095,34,8
8096,39,7
8097,32,7
8098,22,3
8099,39,8
8100,34,4
8101,27,5
8102,34,5
8103,43,8
8104,44,7
8105,31,7
8106,32,7
8107,35,4
8108,29,0
8109,31,3
8110,18,0
8111,43,1
8112,39,0
8113,32,4
8114,23,2
8115,32,9
8116,28,4
8117,27,7
8118,35,6
8119,37,6
8120,24,1
8121,37,3
8122,45,0
8123,18,9
8124,30,1
8125,30,3
8126,39,1
8127,32,6
8128,34,2
8129,36,4
8130,38,8
8131,31,6
8132,39,3
8133,36,3
8134,46,5
8135,28,3
8136,38,6
8137,36,3
8138,27,1
8139,36,4
8140,46,9
8141,34,9
8142,37,7
8143,35,6
8144,41,9
8145,47,0
8146,29,8
8147,42,0
8148,32,1
8149,31,5
8150,37,8
8151,38,5
8152,32,8
8153,43,1
8154,18,9
8155,50,9
8156,30,4
8157,25,4
8158,21,0
8159,36,7
8160,38,8
8161,23,4
8162,22,8
8163,31,3
8164,18,1
8165,24,6
8166,32,2
8167,55,5
8168,41,1
8169,36,3
8170,32,3
8171,25,2
8172,28,6
8173,18,8
8174,34,6
8175,45,1
8176,35,3
8177,36,9
8178,42,3
8179,37,9
8180,45,5
8181,42,9
8182,44,6
8183,27,4
8184,27,1
8185,20,5
8186,32,0
8187,37,0
8188,39,0
8189,28,2
8190,47,3
8191,46,4
8192,24,3
8193,41,9
8194,42,4
8195,26,7
8196,26,9
8197,35,6
8198,36,1
8199,43,4
8200,44,6
8201,25,9
8202,31,5
8203,45,2
8204,50,0
8205,60,2
8206,52,4
8207,30,6
8208,48,4
8209,21,6
8210,30,6
8211,32,8
8212,49,0
8213,30,8
8214,24,9
8215,38,3
8216,44,3
8217,30,3
8218,52,4
8219,53,7
8220,26,9
8221,43,7
8222,43,1
8223,38,4
8224,55,2
8225,35,8
8226,47,5
8227,41,1
8228,55,5
8229,29,0
8230,39,2
8231,19,6
8232,35,2
8233,35,0
8234,26,8
8235,20,4
8236,28,6
8237,30,6
8238,18,8
8239,50,1
8240,51,3
8241,27,9
8242,48,9
8243,42,1
8244,38,7
8245,38,4
8246,39,4
8247,34,9
8248,18,1
8249,23,4
8250,33,7
8251,29,1
8252,38,1
8253,33,2
8254,42,6
8255,44,9
8256,32,7
8257,40,9
8258,22,7
8259,41,3
8260,29,4
8261,30,0
8262,47,1
8263,18,3
8264,50,6
8265,26,9
8266,23,1
8267,50,6
8268,36,7
8269,43,4
8270,30,7
8271,34,2
8272,47,8
8273,30,2
8274,43,8
8275,18,4
8276,44,7
8277,32,4
8278,28,7
8279,39,5
8280,18,7
8281,36,4
8282,22,2
8283,32,8
8284,26,3
8285,32,3
8286,41,1
8287,34,4
8288,28,7
8289,30,4
8290,46,4
8291,35,4
8292,38,9
8293,26,5
8294,33,4
8295,41,6
8296,57,6
8297,30,2
8298,42,4
8299,39,4
8300,33,8
8301,42,0
8302,21,3
8303,37,0
8304,40,5
8305,25,7
8306,43,1
8307,33,9
8308,21,7
8309,52,6
8310,41,4
8311,54,5
8312,35,6
8313,24,8
8314,31,4
8315,40,3
8316,32,0
8317,34,8
8318,24,1
8319,20,1
8320,18,8
8321,31,4
8322,48,5
8323,60,5
8324,33,0
8325,36,9
8326,37,5
8327,33,4
8328,32,4
8329,30,6
8330,34,6
8331,20,3
8332,34,4
8333,32,8
8334,20,6
8335,44,8
8336,18,9
8337,37,0
8338,41,1
8339,35,2
8340,28,8
8341,29,0
8342,29,5
8343,40,4
8344,24,7
8345,29,4
8346,29,8
8347,33,3
8348,34,8
8349,33,5
8350,40,4
8351,47,0
8352,35,4
8353,45,9
8354,33,3
8355,27,3
8356,18,8
8357,40,8
8358,36,5
8359,38,9
8360,30,1
8361,43,0
8362,32,4
8363,48,8
8364,34,9
8365,47,2
8366,28,9
8367,30,6
8368,35,2
8369,35,3
8370,33,9
8371,32,6
8372,22,9
8373,36,1
8374,44,9
8375,45,3
8376,45,6
8377,46,7
8378,36,5
8379,41,6
8380,36,6
8381,18,6
8382,41,4
8383,37,0
8384,40,9
8385,29,1
8386,44,3
8387,18,9
8388,32,4
8389,38,9
8390,38,8
8391,33,5
8392,54,2
8393,43,9
8394,20,7
8395,31,5
8396,36,3
8397,40,8
8398,53,7
8399,29,4
8400,43,5
8401,40,0
8402,36,7
8403,28,8
8404,37,3
8405,18,1
8406,55,7
8407,43,5
8408,21,5
8409,31,2
8410,24,7
8411,40,4
8412,41,7
8413,32,4
8414,22,0
8415,40,3
8416,58,3
8417,27,7
8418,26,8
8419,39,7
8420,22,1
8421,32,8
8422,38,4
8423,31,0
8424,31,7
8425,27,1
8426,18,2
8427,30,1
8428,24,6
8429,38,3
8430,29,4
8431,39,9
8432,39,6
8433,28,8
8434,39,2
8435,37,3
8436,37,7
8437,26,2
8438,43,8
8439,36,1
8440,26,5
8441,35,5
8442,39,0
8443,32,5
8444,38,0
8445,44,7
8446,26,3
8447,18,0
8448,28,5
8449,31,3
8450,28,0
8451,42,5
8452,22,8
8453,39,2
8454,18,3
8455,28,7
8456,26,4
8457,42,4
8458,20,6
8459,43,9
8460,33,9
8461,25,9
8462,28,9
8463,25,9
8464,43,8
8465,28,0
8466,36,5
8467,57,4
8468,34,0
8469,32,9
8470,45,3
8471,26,3
8472,43,9
8473,20,7
8474,26,9
8475,33,8
8476,31,1
8477,32,1
8478,44,8
8479,29,8
8480,22,3
8481,31,9
8482,35,3
8483,33,4
8484,18,1
8485,24,0
8486,30,5
8487,32,5
8488,21,7
8489,34,5
8490,39,2
8491,45,3
8492,34,0
8493,36,7
8494,43,3
8495,25,4
8496,19,0
8497,23,7
8498,21,8
8499,20,3
8500,26,0
8501,24,9
8502,51,8
8503,38,3
8504,19,2
8505,31,4
8506,39,5
8507,18,5
8508,32,1
8509,50,0
8510,40,1
8511,26,9
8512,40,3
8513,23,7
8514,18,9
8515,26,8
8516,49,0
8517,46,5
8518,38,0
8519,24,8
8520,55,0
8521,32,2
8522,34,8
8523,53,9
8524,18,1
8525,21,2
8526,24,7
8527,29,4
8528,50,4
8529,35,2
8530,47,8
8531,32,9
8532,18,3
8533,33,6
8534,32,1
8535,21,4
8536,23,1
8537,39,6
8538,45,3
8539,34,5
8540,20,4
8541,48,3
8542,43,4
8543,35,0
8544,22,3
8545,28,5
8546,40,2
8547,38,4
8548,39,4
8549,45,9
8550,20,6
8551,34,7
8552,26,1
8553,29,4
8554,31,9
8555,34,1
8556,24,7
8557,25,6
8558,36,2
8559,36,7
8560,27,8
8561,48,3
8562,40,1
8563,44,6
8564,21,3
8565,31,7
8566,46,4
8567,45,1
8568,42,9
8569,50,6
8570,20,7
8571,36,7
8572,38,7
8573,37,9
8574,31,2
8575,18,9
8576,33,4
8577,30,3
8578,25,9
8579,48,3
8580,26,7
8581,41,0
8582,45,3
8583,25,0
8584,39,4
8585,27,0
8586,35,7
8587,34,4
8588,30,6
8589,36,1
8590,34,8
8591,55,3
8592,32,4
8593,36,5
8594,29,5
8595,27,4
8596,24,2
8597,52,4
8598,47,4
8599,35,3
8600,39,4
8601,18,1
8602,32,9
8603,45,4
8604,32,7
8605,41,7
8606,41,5
8607,30,7
8608,38,9
8609,41,2
8610,36,3
8611,18,1
8612,42,2
8613,41,5
8614,51,9
8615,29,2
8616,38,0
8617,46,4
8618,34,2
8619,28,9
8620,42,6
8621,27,9
8622,53,7
8623,18,6
8624,29,9
8625,60,3
8626,32,9
8627,45,4
8628,30,4
8629,38,3
8630,39,0
8631,33,3
8632,48,8
8633,46,0
8634,27,6
8635,46,2
8636,35,2
8637,36,7
8638,42,9
8639,44,8
8640,43,3
8641,20,7
8642,36,0
8643,56,8
8644,34,6
8645,35,6
8646,18,2
8647,37,1
8648,51,5
8649,18,8
8650,43,1
8651,47,3
8652,23,7
8653,27,7
8654,32,0
8655,37,8
8656,30,9
8657,39,5
8658,42,3
8659,27,6
8660,47,3
8661,18,6
8662,45,8
8663,18,6
8664,25,5
8665,27,1
8666,20,7
8667,37,2
8668,42,3
8669,51,8
8670,28,7
8671,40,8
8672,49,4
8673,35,6
8674,41,1
8675,37,1
8676,46,7
8677,25,4
8678,29,9
8679,23,6
8680,34,2
8681,42,7
8682,30,6
8683,43,0
8684,18,2
8685,43,5
8686,28,4
8687,21,0
8688,45,4
8689,39,7
8690,35,7
8691,18,3
8692,21,8
8693,44,9
8694,37,8
8695,20,8
8696,37,7
8697,18,7
8698,33,2
8699,26,0
8700,34,3
8701,41,5
8702,52,9
8703,33,7
8704,34,7
8705,32,3
8706,47,0
8707,18,4
8708,24,6
8709,32,2
8710,41,3
8711,52,6
8712,42,3
8713,24,3
8714,31,4
8715,24,1
8716,28,2
8717,42,6
8718,40,8
8719,44,3
8720,22,1
8721,36,3
8722,46,5
8723,45,7
8724,42,9
8725,48,4
8726,54,7
8727,42,6
8728,50,2
8729,27,9
8730,33,6
8731,31,7
8732,18,4
8733,36,2
8734,35,5
8735,20,7
8736,36,4
8737,38,4
8738,20,4
8739,35,4
8740,35,4
8741,35,0
8742,50,1
8743,37,4
8744,18,9
8745,41,1
8746,46,9
8747,23,9
8748,36,9
8749,47,0
8750,32,9
8751,28,9
8752,43,1
8753,42,3
8754,27,8
8755,18,9
8756,47,8
8757,42,3
8758,22,1
8759,34,1
8760,38,6
8761,46,6
8762,31,6
8763,32,7
8764,32,6
8765,32,1
8766,44,2
8767,47,9
8768,43,0
8769,20,4
8770,34,5
8771,32,2
8772,40,7
8773,38,4
8774,24,8
8775,32,4
8776,41,5
8777,43,4
8778,34,3
8779,28,0
8780,40,0
8781,58,0
8782,18,9
8783,42,2
8784,19,6
8785,32,7
8786,24,3
8787,37,0
8788,19,4
8789,50,1
8790,28,9
8791,31,5
8792,24,0
8793,25,3
8794,47,3
8795,41,0
8796,28,0
8797,32,4
8798,33,2
8799,19,9
8800,32,9
8801,43,4
8802,23,1
8803,37,4
8804,31,5
8805,33,3
8806,43,7
8807,32,1
8808,31,9
8809,46,2
8810,32,9
8811,18,6
8812,24,2
8813,20,4
8814,34,4
8815,26,5
8816,41,8
8817,25,3
8818,29,8
8819,39,1
8820,23,0
8821,42,4
8822,38,4
8823,21,5
8824,36,3
8825,34,4
8826,34,8
8827,32,2
8828,37,4
8829,33,1
8830,18,4
8831,34,5
8832,30,4
8833,48,5
8834,30,5
8835,50,9
8836,38,0
8837,44,1
8838,23,0
8839,50,8
8840,25,6
8841,18,6
8842,32,0
8843,53,7
8844,37,1
8845,32,5
8846,30,3
8847,40,8
8848,47,5
8849,32,0
8850,39,3
8851,47,4
8852,27,1
8853,25,7
8854,45,7
8855,24,7
8856,44,4
8857,34,9
8858,31,0
8859,34,2
8860,37,3
8861,59,0
8862,50,3
8863,30,6
8864,52,1
8865,26,4
8866,18,2
8867,18,9
8868,46,7
8869,39,8
8870,41,4
8871,47,7
8872,36,9
8873,29,3
8874,34,7
8875,46,0
8876,46,3
8877,59,4
8878,28,5
8879,36,5
8880,39,3
8881,34,6
8882,34,3
8883,25,9
8884,42,5
8885,43,7
8886,35,4
8887,50,7
8888,24,1
8889,50,6
8890,25,3
8891,18,3
8892,39,8
8893,43,0
8894,46,7
8895,25,8
8896,23,7
8897,22,1
8898,51,7
8899,55,8
8900,36,4
8901,18,2
8902,30,2
8903,31,6
8904,34,9
8905,21,9
8906,39,9
8907,44,7
8908,24,3
8909,24,1
8910,44,1
8911,36,3
8912,44,9
8913,49,3
8914,29,1
8915,44,3
8916,39,3
8917,22,4
8918,54,9
8919,44,6
8920,37,1
8921,36,1
8922,30,7
8923,29,1
8924,27,9
8925,43,1
8926,39,0
8927,37,1
8928,39,2
8929,56,0
8930,40,5
8931,44,0
8932,43,4
8933,34,6
8934,26,0
8935,44,2
8936,29,1
8937,48,0
8938,23,5
8939,36,0
8940,34,4
8941,44,3
8942,53,2
8943,28,7
8944,36,3
8945,35,3
8946,36,1
8947,18,9
8948,18,9
8949,30,5
8950,46,0
8951,30,0
8952,35,4
8953,35,2
8954,49,0
8955,41,1
8956,29,9
8957,41,9
8958,27,3
8959,33,4
8960,32,8
8961,31,7
8962,35,3
8963,34,1
8964,28,9
8965,51,5
8966,30,8
8967,34,6
8968,42,8
8969,18,1
8970,31,8
8971,27,6
8972,41,1
8973,48,1
8974,46,4
8975,40,0
8976,32,0
8977,39,4
8978,32,4
8979,28,8
8980,32,0
8981,21,5
8982,44,7
8983,43,6
8984,33,1
8985,57,7
8986,29,4
8987,22,6
8988,25,7
8989,31,2
8990,48,6
8991,29,0
8992,39,8
8993,31,0
8994,30,5
8995,32,4
8996,24,4
8997,36,2
8998,43,5
8999,18,1
9000,41,8
9001,31,8
9002,27,3
9003,49,1
9004,18,7
9005,35,3
9006,38,8
9007,18,2
9008,31,1
9009,39,8
9010,43,1
9011,28,0
9012,18,2
9013,42,1
9014,50,2
9015,38,1
9016,26,0
9017,36,3
9018,38,2
9019,41,4
9020,34,7
9021,37,5
9022,33,5
9023,36,2
9024,38,1
9025,24,4
9026,30,9
9027,32,7
9028,42,9
9029,33,6
9030,22,1
9031,18,1
9032,26,2
9033,25,4
9034,35,8
9035,26,3
9036,47,4
9037,42,8
9038,21,8
9039,33,8
9040,45,8
9041,34,5
9042,19,9
9043,23,0
9044,34,1
9045,39,6
9046,21,9
9047,31,7
9048,36,7
9049,44,2
9050,33,0
9051,44,5
9052,38,8
9053,39,7
9054,40,7
9055,27,7
9056,30,7
9057,18,0
9058,25,9
9059,51,8
9060,26,2
9061,41,0
9062,29,1
9063,48,7
9064,27,7
9065,44,4
9066,41,8
9067,40,4
9068,40,6
9069,49,7
9070,31,6
9071,45,4
9072,25,5
9073,36,4
9074,36,0
9075,54,2
9076,21,7
9077,38,9
9078,22,5
9079,33,5
9080,47,8
9081,35,1
9082,39,9
9083,20,4
9084,38,9
9085,24,7
9086,40,1
9087,40,1
9088,51,8
9089,50,5
9090,18,0
9091,38,2
9092,57,4
9093,31,8
9094,40,9
9095,41,3
9096,43,0
9097,39,1
9098,42,1
9099,42,1
9100,47,2
9101,35,8
9102,31,1
9103,39,5
9104,38,1
9105,39,6
9106,37,7
9107,36,5
9108,31,7
9109,56,5
9110,29,3
9111,36,9
9112,25,8
9113,35,7
9114,31,9
9115,39,8
9116,27,7
9117,30,1
9118,37,8
9119,53,1
9120,56,2
9121,38,5
9122,37,9
9123,23,7
9124,46,8
9125,37,0
9126,47,2
9127,42,4
9128,50,2
9129,26,8
9130,38,9
9131,38,0
9132,24,8
9133,39,9
9134,30,7
9135,43,6
9136,25,8
9137,47,6
9138,19,7
9139,42,8
9140,40,4
9141,39,4
9142,26,5
9143,27,3
9144,55,0
9145,18,5
9146,37,8
9147,33,9
9148,48,2
9149,21,6
9150,35,2
9151,41,7
9152,33,9
9153,35,3
9154,35,0
9155,30,2
9156,39,4
9157,51,4
9158,32,0
9159,42,0
9160,37,5
9161,39,6
9162,47,4
9163,26,7
9164,40,5
9165,35,9
9166,26,7
9167,40,9
9168,39,9
9169,43,7
9170,42,8
9171,46,0
9172,31,2
9173,41,3
9174,24,6
9175,38,5
9176,21,6
9177,36,6
9178,24,6
9179,34,8
9180,41,4
9181,35,0
9182,35,5
9183,48,4
9184,36,1
9185,28,3
9186,18,9
9187,27,3
9188,35,4
9189,39,9
9190,38,3
9191,37,5
9192,18,9
9193,26,0
9194,28,8
9195,45,7
9196,25,1
9197,23,5
9198,29,4
9199,29,7
9200,28,2
9201,19,4
9202,18,8
9203,25,4
9204,45,2
9205,26,7
9206,34,0
9207,43,8
9208,31,3
9209,24,0
9210,30,5
9211,34,1
9212,48,1
9213,38,8
9214,39,2
9215,26,8
9216,44,0
9217,23,3
9218,42,3
9219,40,0
9220,32,2
9221,18,7
9222,46,2
9223,28,4
9224,23,9
9225,38,7
9226,27,8
9227,36,0
9228,44,1
9229,26,2
9230,38,6
9231,23,9
9232,29,5
9233,23,1
9234,37,5
9235,22,1
9236,40,6
9237,48,0
9238,26,3
9239,31,6
9240,33,7
9241,33,9
9242,19,0
9243,39,4
9244,29,4
9245,22,4
9246,27,1
9247,19,9
9248,18,4
9249,34,3
9250,18,7
9251,33,7
9252,40,3
9253,34,5
9254,39,8
9255,39,2
9256,33,2
9257,22,2
9258,39,7
9259,36,4
9260,28,2
9261,27,3
9262,28,4
9263,28,4
9264,23,8
9265,39,4
9266,40,0
9267,31,1
9268,45,2
9269,26,2
9270,27,0
9271,29,7
9272,36,4
9273,51,2
9274,46,4
9275,22,0
9276,24,8
9277,36,5
9278,18,3
9279,24,3
9280,23,6
9281,39,7
9282,32,5
9283,30,7
9284,31,0
9285,52,8
9286,38,0
9287,42,4
9288,44,9
9289,35,6
9290,34,1
9291,34,7
9292,18,6
9293,53,5
9294,56,3
9295,41,7
9296,54,5
9297,26,3
9298,46,4
9299,40,4
9300,39,2
9301,49,7
9302,39,1
9303,36,8
9304,24,7
9305,51,2
9306,39,6
9307,36,7
9308,34,9
9309,31,1
9310,51,2
9311,32,7
9312,49,6
9313,37,7
9314,32,7
9315,46,2
9316,31,0
9317,50,9
9318,31,8
9319,29,6
9320,33,0
9321,32,1
9322,34,1
9323,18,4
9324,40,9
9325,46,1
9326,29,4
9327,45,3
9328,28,5
9329,30,2
9330,29,9
9331,38,1
9332,50,1
9333,48,4
9334,49,2
9335,41,3
9336,18,0
9337,42,4
9338,47,2
9339,18,6
9340,32,9
9341,34,6
9342,43,5
9343,33,4
9344,43,3
9345,39,2
9346,24,8
9347,37,7
9348,32,1
9349,34,0
9350,28,4
9351,37,4
9352,33,6
9353,28,0
9354,24,1
9355,43,1
9356,23,6
9357,50,5
9358,33,0
9359,23,4
9360,18,0
9361,45,4
9362,43,1
9363,25,0
9364,30,8
9365,36,4
9366,35,4
9367,18,6
9368,31,7
9369,34,6
9370,42,5
9371,33,6
9372,18,5
9373,29,8
9374,45,2
9375,48,2
9376,30,1
9377,34,5
9378,34,9
9379,40,8
9380,39,8
9381,46,9
9382,51,9
9383,18,2
9384,31,5
9385,42,9
9386,31,6
9387,29,9
9388,38,0
9389,40,0
9390,57,3
9391,35,1
9392,26,8
9393,31,5
9394,29,3
9395,35,4
9396,31,7
9397,52,2
9398,37,2
9399,59,8
9400,40,9
9401,43,1
9402,32,7
9403,39,4
9404,18,1
9405,35,4
9406,18,1
9407,28,1
9408,28,4
9409,46,1
9410,31,7
9411,36,5
9412,20,0
9413,28,5
9414,18,9
9415,33,0
9416,29,7
9417,31,7
9418,30,9
9419,57,8
9420,50,1
9421,36,2
9422,29,4
9423,33,0
9424,25,9
9425,27,9
9426,38,1
9427,32,9
9428,28,3
9429,28,1
9430,47,7
9431,25,7
9432,42,9
9433,31,8
9434,36,0
9435,28,6
9436,55,2
9437,23,6
9438,45,9
9439,40,9
9440,20,0
9441,34,4
9442,22,4
9443,25,7
9444,38,9
9445,19,7
9446,40,7
9447,45,0
9448,47,4
9449,27,7
9450,32,2
9451,50,4
9452,36,5
9453,31,5
9454,29,3
9455,35,1
9456,35,3
9457,50,8
9458,18,4
9459,26,5
9460,24,2
9461,30,3
9462,47,0
9463,18,7
9464,48,3
9465,39,3
9466,18,4
9467,26,8
9468,25,1
9469,57,8
9470,35,8
9471,40,5
9472,29,4
9473,26,0
9474,27,2
9475,31,0
9476,31,2
9477,31,1
9478,51,5
9479,26,4
9480,46,4
9481,32,0
9482,22,5
9483,27,5
9484,31,6
9485,30,8
9486,26,9
9487,31,8
9488,36,5
9489,58,9
9490,38,8
9491,19,3
9492,54,7
9493,34,0
9494,24,8
9495,25,2
9496,38,0
9497,39,1
9498,48,5
9499,48,6
9500,36,8
9501,36,4
9502,28,9
9503,42,4
9504,32,4
9505,18,7
9506,19,7
9507,27,7
9508,45,5
9509,53,9
9510,46,6
9511,34,1
9512,21,3
9513,30,5
9514,34,8
9515,28,0
9516,29,1
9517,41,2
9518,34,8
9519,49,9
9520,25,5
9521,42,0
9522,39,4
9523,18,4
9524,22,3
9525,54,2
9526,45,2
9527,20,5
9528,55,6
9529,30,9
9530,43,0
9531,42,7
9532,51,4
9533,18,4
9534,34,6
9535,46,0
9536,30,5
9537,43,1
9538,40,8
9539,60,0
9540,22,5
9541,18,2
9542,43,4
9543,38,2
9544,37,6
9545,30,2
9546,41,5
9547,50,2
9548,33,3
9549,24,1
9550,42,6
9551,37,3
9552,34,5
9553,18,1
9554,18,6
9555,41,6
9556,36,6
9557,35,4
9558,23,4
9559,29,7
9560,36,9
9561,39,8
9562,35,0
9563,27,3
9564,39,5
9565,29,5
9566,18,0
9567,40,7
9568,20,2
9569,39,5
9570,30,0
9571,35,6
9572,22,6
9573,46,1
9574,37,7
9575,40,2
9576,34,7
9577,19,5
9578,60,8
9579,41,4
9580,48,9
9581,46,1
9582,38,8
9583,28,5
9584,32,3
9585,35,4
9586,21,4
9587,36,1
9588,18,1
9589,18,9
9590,29,2
9591,41,9
9592,28,7
9593,49,8
9594,18,7
9595,38,0
9596,41,2
9597,46,9
9598,36,4
9599,28,3
9600,23,7
9601,55,1
9602,42,5
9603,38,7
9604,35,7
9605,38,1
9606,41,6
9607,38,5
9608,29,5
9609,60,1
9610,38,0
9611,42,3
9612,41,4
9613,24,8
9614,18,5
9615,41,2
9616,37,0
9617,37,3
9618,33,1
9619,42,3
9620,30,8
9621,31,9
9622,46,3
9623,20,3
9624,47,0
9625,30,7
9626,33,2
9627,36,6
9628,33,0
9629,23,1
9630,38,1
9631,36,5
9632,23,1
9633,21,6
9634,18,6
9635,32,3
9636,36,3
9637,21,0
9638,24,7
9639,34,1
9640,41,0
9641,24,4
9642,34,1
9643,18,2
9644,28,3
9645,35,4
9646,18,0
9647,48,3
9648,44,3
9649,26,5
9650,35,3
9651,53,4
9652,31,0
9653,25,7
9654,38,9
9655,39,6
9656,38,1
9657,32,5
9658,41,8
9659,43,1
9660,26,5
9661,41,2
9662,44,9
9663,28,8
9664,20,9
9665,26,5
9666,42,4
9667,29,8
9668,46,3
9669,31,2
9670,36,2
9671,51,1
9672,34,7
9673,53,6
9674,25,3
9675,29,1
9676,28,7
9677,25,1
9678,18,3
9679,47,4
9680,22,6
9681,25,9
9682,29,4
9683,48,9
9684,36,4
9685,36,9
9686,41,4
9687,45,8
9688,45,3
9689,34,9
9690,24,4
9691,55,8
9692,27,3
9693,23,6
9694,53,7
9695,31,1
9696,18,4
9697,57,3
9698,31,1
9699,41,3
9700,33,1
9701,26,9
9702,20,1
9703,32,8
9704,45,7
9705,34,4
9706,27,2
9707,54,8
9708,35,9
9709,49,8
9710,24,0
9711,50,2
9712,36,6
9713,26,6
9714,27,7
9715,31,7
9716,37,4
9717,34,8
9718,29,6
9719,34,9
9720,44,6
9721,26,4
9722,38,8
9723,18,4
9724,18,3
9725,32,5
9726,36,2
9727,34,9
9728,35,5
9729,34,1
9730,39,4
9731,49,9
9732,33,3
9733,34,1
9734,33,9
9735,50,8
9736,22,9
9737,44,3
9738,36,7
9739,44,3
9740,47,7
9741,34,8
9742,31,3
9743,24,5
9744,42,6
9745,32,4
9746,40,2
9747,40,3
9748,27,1
9749,30,1
9750,41,4
9751,38,9
9752,33,3
9753,21,9
9754,40,9
9755,60,2
9756,39,8
9757,26,1
9758,18,9
9759,53,3
9760,19,7
9761,18,3
9762,31,1
9763,34,3
9764,28,5
9765,24,0
9766,35,0
9767,30,8
9768,43,7
9769,22,9
9770,30,2
9771,30,5
9772,34,6
9773,56,7
9774,57,2
9775,30,2
9776,41,3
9777,44,4
9778,35,4
9779,40,4
9780,33,1
9781,34,5
9782,38,7
9783,28,3
9784,40,9
9785,34,3
9786,49,7
9787,18,3
9788,38,5
9789,28,1
9790,19,2
9791,40,9
9792,29,5
9793,34,0
9794,22,3
9795,18,3
9796,36,2
9797,31,6
9798,26,5
9799,48,9
9800,35,3
9801,19,8
9802,28,1
9803,34,8
9804,29,8
9805,25,7
9806,32,9
9807,23,9
9808,40,6
9809,46,8
9810,19,0
9811,34,0
9812,51,1
9813,40,0
9814,54,8
9815,52,3
9816,21,7
9817,31,7
9818,36,3
9819,30,6
9820,33,6
9821,37,4
9822,41,4
9823,25,0
9824,18,0
9825,29,8
9826,34,1
9827,60,0
9828,28,7
9829,31,3
9830,32,5
9831,26,4
9832,25,4
9833,29,9
9834,30,1
9835,43,4
9836,29,1
9837,35,5
9838,45,4
9839,30,8
9840,46,3
9841,35,4
9842,35,6
9843,47,3
9844,41,1
9845,35,1
9846,36,0
9847,33,6
9848,30,1
9849,29,1
9850,44,3
9851,48,4
9852,38,1
9853,43,4
9854,40,5
9855,25,8
9856,41,2
9857,29,2
9858,50,0
9859,41,8
9860,37,7
9861,40,4
9862,29,4
9863,33,2
9864,40,4
9865,18,5
9866,40,1
9867,39,6
9868,31,6
9869,22,6
9870,34,1
9871,23,4
9872,27,4
9873,28,1
9874,45,4
9875,49,8
9876,51,4
9877,20,2
9878,45,3
9879,33,4
9880,35,5
9881,29,6
9882,26,4
9883,18,8
9884,39,5
9885,44,3
9886,39,8
9887,31,3
9888,32,4
9889,23,3
9890,22,3
9891,39,0
9892,23,3
9893,34,8
9894,40,9
9895,41,0
9896,30,0
9897,47,4
9898,39,4
9899,18,8
9900,35,4
9901,31,8
9902,37,9
9903,39,7
9904,32,2
9905,18,6
9906,26,4
9907,40,3
9908,26,3
9909,55,4
9910,47,3
9911,44,6
9912,47,8
9913,28,0
9914,33,2
9915,23,0
9916,46,1
9917,58,9
9918,49,4
9919,41,5
9920,32,5
9921,30,9
9922,28,0
9923,24,2
9924,37,0
9925,43,1
9926,43,9
9927,31,6
9928,26,6
9929,60,3
9930,32,7
9931,43,2
9932,51,7
9933,37,4
9934,29,4
9935,37,5
9936,18,9
9937,28,0
9938,25,6
9939,40,2
9940,38,7
9941,39,1
9942,37,4
9943,38,4
9944,34,0
9945,35,8
9946,31,1
9947,34,4
9948,32,7
9949,49,4
9950,36,4
9951,50,1
9952,47,6
9953,28,1
9954,28,4
9955,43,1
9956,55,6
9957,46,4
9958,36,4
9959,24,3
9960,22,1
9961,36,1
9962,26,8
9963,39,6
9964,56,0
9965,41,9
9966,38,0
9967,23,8
9968,49,0
9969,18,1
9970,34,1
9971,41,1
9972,28,1
9973,30,3
9974,33,4
9975,27,7
9976,38,3
9977,46,3
9978,48,5
9979,40,0
9980,40,7
9981,28,3
9982,25,1
9983,60,8
9984,36,0
9985,46,3
9986,41,7
9987,27,8
9988,43,4
9989,39,3
9990,39,2
9991,46,2
9992,21,5
9993,22,2
9994,33,3
9995,49,9
9996,36,1
9997,26,3
9998,42,8
9999,39,8
10000,47,1
